ts,bidPrice,bidQty,askPrice,askQty
2025-07-24T03:38:08.1273233Z,19.99,5000,20.01,1412
2025-07-24T03:38:08.1273233Z,19.98,4304,20.02,4304
2025-07-24T03:38:08.1273233Z,19.97,3704,20.03,3704
2025-07-24T03:38:08.1273233Z,19.96,3188,20.04,3188
2025-07-24T03:38:08.1273233Z,19.95,2744,20.05,2744
2025-07-24T03:38:08.1273233Z,19.94,2362,20.06,2362
2025-07-24T03:38:08.1273233Z,19.93,2032,20.07,2032
2025-07-24T03:38:08.1273233Z,19.92,1750,20.08,1750
2025-07-24T03:38:08.1273233Z,19.91,1506,20.09,1506
2025-07-24T03:38:08.1273233Z,19.90,1296,20.10,1296
                                   
2025-07-24T03:38:09.1273233Z,20.02,11606,20.03,1542
2025-07-24T03:38:09.1273233Z,20.02,2500,20.04,2500
2025-07-24T03:38:09.1273233Z,20.01,646,20.05,2152
2025-07-24T03:38:09.1273233Z,20.01,2152,20.05,10795
2025-07-24T03:38:09.1273233Z,20.00,2741,20.06,1852
2025-07-24T03:38:09.1273233Z,20.00,1852,20.06,11322
2025-07-24T03:38:09.1273233Z,19.99,2109,20.07,1594
2025-07-24T03:38:09.1273233Z,19.99,1594,20.08,1372
2025-07-24T03:38:09.1273233Z,19.98,2152,20.09,1181
2025-07-24T03:38:09.1273233Z,19.98,1372,20.09,933
                                   
2025-07-24T03:38:10.1273233Z,20.00,2040,20.01,6599
2025-07-24T03:38:10.1273233Z,20.00,2500,20.02,2500
2025-07-24T03:38:10.1273233Z,19.99,6083,20.02,11082
2025-07-24T03:38:10.1273233Z,19.99,2152,20.03,2152
2025-07-24T03:38:10.1273233Z,19.98,2451,20.03,7397
2025-07-24T03:38:10.1273233Z,19.98,1852,20.04,1852
2025-07-24T03:38:10.1273233Z,19.97,1594,20.04,4582
2025-07-24T03:38:10.1273233Z,19.96,563,20.05,1594
2025-07-24T03:38:10.1273233Z,19.96,1372,20.05,2651
2025-07-24T03:38:10.1273233Z,19.95,1181,20.06,1372
                                   
2025-07-24T03:38:11.1273233Z,19.96,2500,19.98,2500
2025-07-24T03:38:11.1273233Z,19.95,2152,19.98,11506
2025-07-24T03:38:11.1273233Z,19.94,1852,19.99,2152
2025-07-24T03:38:11.1273233Z,19.93,1016,19.99,1913
2025-07-24T03:38:11.1273233Z,19.93,1594,20.00,1852
2025-07-24T03:38:11.1273233Z,19.92,1372,20.00,6733
2025-07-24T03:38:11.1273233Z,19.91,1181,20.01,1594
2025-07-24T03:38:11.1273233Z,19.90,1016,20.01,17386
2025-07-24T03:38:11.1273233Z,19.89,875,20.02,1372
2025-07-24T03:38:11.1273233Z,19.88,753,20.02,5447
                                   
2025-07-24T03:38:12.1273233Z,19.86,1497,19.88,1292
2025-07-24T03:38:12.1273233Z,19.86,2500,19.89,2152
2025-07-24T03:38:12.1273233Z,19.85,4195,19.90,1852
2025-07-24T03:38:12.1273233Z,19.85,2152,19.91,1594
2025-07-24T03:38:12.1273233Z,19.84,1852,19.92,1372
2025-07-24T03:38:12.1273233Z,19.83,1594,19.93,1181
2025-07-24T03:38:12.1273233Z,19.82,1372,19.94,1016
2025-07-24T03:38:12.1273233Z,19.81,1181,19.95,875
2025-07-24T03:38:12.1273233Z,19.80,1016,19.96,753
2025-07-24T03:38:12.1273233Z,19.79,875,19.97,648
                                   
2025-07-24T03:38:13.1273233Z,19.98,2500,20.00,22603
2025-07-24T03:38:13.1273233Z,19.98,597,20.00,2500
2025-07-24T03:38:13.1273233Z,19.97,2152,20.01,2152
2025-07-24T03:38:13.1273233Z,19.97,1300,20.02,11123
2025-07-24T03:38:13.1273233Z,19.96,1852,20.02,1852
2025-07-24T03:38:13.1273233Z,19.96,2148,20.03,1594
2025-07-24T03:38:13.1273233Z,19.95,1594,20.04,1372
2025-07-24T03:38:13.1273233Z,19.95,1581,20.05,1181
2025-07-24T03:38:13.1273233Z,19.94,1372,20.06,1016
2025-07-24T03:38:13.1273233Z,19.94,587,20.07,875
                                   
2025-07-24T03:38:14.1273233Z,20.00,2111,20.02,3069
2025-07-24T03:38:14.1273233Z,19.99,9307,20.03,2152
2025-07-24T03:38:14.1273233Z,19.98,27199,20.04,1852
2025-07-24T03:38:14.1273233Z,19.97,13838,20.05,1594
2025-07-24T03:38:14.1273233Z,19.96,4439,20.06,1372
2025-07-24T03:38:14.1273233Z,19.95,1647,20.07,1181
2025-07-24T03:38:14.1273233Z,19.94,1325,20.08,1016
2025-07-24T03:38:14.1273233Z,19.93,875,20.09,875
2025-07-24T03:38:14.1273233Z,19.92,5224,20.10,753
2025-07-24T03:38:14.1273233Z,19.91,7142,20.11,648
                                   
2025-07-24T03:38:15.1273233Z,20.09,2865,20.10,14565
2025-07-24T03:38:15.1273233Z,20.09,2500,20.11,2500
2025-07-24T03:38:15.1273233Z,20.08,574,20.11,1600
2025-07-24T03:38:15.1273233Z,20.08,2152,20.12,2152
2025-07-24T03:38:15.1273233Z,20.07,9606,20.13,1852
2025-07-24T03:38:15.1273233Z,20.07,1852,20.14,1594
2025-07-24T03:38:15.1273233Z,20.06,725,20.15,1372
2025-07-24T03:38:15.1273233Z,20.06,1594,20.16,1181
2025-07-24T03:38:15.1273233Z,20.05,7064,20.17,1016
2025-07-24T03:38:15.1273233Z,20.05,1372,20.18,875
                                   
2025-07-24T03:38:16.1273233Z,20.08,18271,20.09,611
2025-07-24T03:38:16.1273233Z,20.08,2500,20.10,2500
2025-07-24T03:38:16.1273233Z,20.07,14906,20.10,6408
2025-07-24T03:38:16.1273233Z,20.07,2152,20.11,2152
2025-07-24T03:38:16.1273233Z,20.06,3071,20.11,13257
2025-07-24T03:38:16.1273233Z,20.06,1852,20.12,1852
2025-07-24T03:38:16.1273233Z,20.05,6863,20.12,19715
2025-07-24T03:38:16.1273233Z,20.05,1594,20.13,1594
2025-07-24T03:38:16.1273233Z,20.04,1372,20.14,1372
2025-07-24T03:38:16.1273233Z,20.03,471,20.15,1181
                                   
2025-07-24T03:38:17.1273233Z,20.15,19427,20.17,2500
2025-07-24T03:38:17.1273233Z,20.14,10163,20.18,7890
2025-07-24T03:38:17.1273233Z,20.13,2990,20.19,1852
2025-07-24T03:38:17.1273233Z,20.12,22043,20.20,1594
2025-07-24T03:38:17.1273233Z,20.11,2359,20.21,1372
2025-07-24T03:38:17.1273233Z,20.10,2978,20.22,1181
2025-07-24T03:38:17.1273233Z,20.09,11427,20.23,1016
2025-07-24T03:38:17.1273233Z,20.08,5743,20.24,875
2025-07-24T03:38:17.1273233Z,20.07,12652,20.25,753
2025-07-24T03:38:17.1273233Z,20.06,2994,20.26,648
                                   
2025-07-24T03:38:18.1273233Z,20.21,776,20.22,2623
2025-07-24T03:38:18.1273233Z,20.21,2500,20.23,2500
2025-07-24T03:38:18.1273233Z,20.20,237,20.23,2344
2025-07-24T03:38:18.1273233Z,20.20,2152,20.24,2152
2025-07-24T03:38:18.1273233Z,20.19,10199,20.25,1852
2025-07-24T03:38:18.1273233Z,20.19,1852,20.26,1594
2025-07-24T03:38:18.1273233Z,20.18,4738,20.27,1372
2025-07-24T03:38:18.1273233Z,20.18,1594,20.28,1181
2025-07-24T03:38:18.1273233Z,20.17,1990,20.29,1016
2025-07-24T03:38:18.1273233Z,20.17,1372,20.30,875
                                   
2025-07-24T03:38:19.1273233Z,20.23,2500,20.25,1584
2025-07-24T03:38:19.1273233Z,20.23,6966,20.25,2500
2025-07-24T03:38:19.1273233Z,20.22,2152,20.26,345
2025-07-24T03:38:19.1273233Z,20.22,11639,20.26,2152
2025-07-24T03:38:19.1273233Z,20.21,1852,20.27,1852
2025-07-24T03:38:19.1273233Z,20.21,5102,20.28,1594
2025-07-24T03:38:19.1273233Z,20.20,1594,20.29,1372
2025-07-24T03:38:19.1273233Z,20.20,2138,20.30,1181
2025-07-24T03:38:19.1273233Z,20.19,1372,20.31,1016
2025-07-24T03:38:19.1273233Z,20.19,18093,20.32,875
                                   
2025-07-24T03:38:20.1273233Z,20.33,2500,20.36,2152
2025-07-24T03:38:20.1273233Z,20.33,4664,20.36,2152
2025-07-24T03:38:20.1273233Z,20.32,2152,20.37,106
2025-07-24T03:38:20.1273233Z,20.32,18724,20.37,1852
2025-07-24T03:38:20.1273233Z,20.31,1852,20.38,3597
2025-07-24T03:38:20.1273233Z,20.31,5707,20.38,1594
2025-07-24T03:38:20.1273233Z,20.30,1594,20.39,1372
2025-07-24T03:38:20.1273233Z,20.30,3264,20.40,1181
2025-07-24T03:38:20.1273233Z,20.29,1372,20.41,1016
2025-07-24T03:38:20.1273233Z,20.29,8853,20.42,875
                                   
2025-07-24T03:38:21.1273233Z,20.32,4130,20.34,2500
2025-07-24T03:38:21.1273233Z,20.32,2500,20.34,664
2025-07-24T03:38:21.1273233Z,20.31,2291,20.35,2152
2025-07-24T03:38:21.1273233Z,20.31,2152,20.35,2323
2025-07-24T03:38:21.1273233Z,20.30,3313,20.36,1852
2025-07-24T03:38:21.1273233Z,20.30,1852,20.36,4301
2025-07-24T03:38:21.1273233Z,20.29,8853,20.37,1594
2025-07-24T03:38:21.1273233Z,20.29,1594,20.38,1372
2025-07-24T03:38:21.1273233Z,20.28,13268,20.39,1181
2025-07-24T03:38:21.1273233Z,20.28,1372,20.40,1016
                                   
2025-07-24T03:38:22.1273233Z,20.33,7140,20.35,7379
2025-07-24T03:38:22.1273233Z,20.32,11570,20.36,5214
2025-07-24T03:38:22.1273233Z,20.31,6787,20.37,1852
2025-07-24T03:38:22.1273233Z,20.30,4907,20.38,2019
2025-07-24T03:38:22.1273233Z,20.29,6936,20.39,1372
2025-07-24T03:38:22.1273233Z,20.28,4072,20.40,1181
2025-07-24T03:38:22.1273233Z,20.27,1016,20.41,1016
2025-07-24T03:38:22.1273233Z,20.26,875,20.42,875
2025-07-24T03:38:22.1273233Z,20.25,753,20.43,753
2025-07-24T03:38:22.1273233Z,20.24,648,20.44,648
                                   
2025-07-24T03:38:23.1273233Z,20.37,7641,20.38,4708
2025-07-24T03:38:23.1273233Z,20.37,2500,20.39,2500
2025-07-24T03:38:23.1273233Z,20.36,3922,20.39,6504
2025-07-24T03:38:23.1273233Z,20.36,2152,20.40,2152
2025-07-24T03:38:23.1273233Z,20.35,2385,20.40,577
2025-07-24T03:38:23.1273233Z,20.35,1852,20.41,1852
2025-07-24T03:38:23.1273233Z,20.34,231,20.42,1594
2025-07-24T03:38:23.1273233Z,20.34,1594,20.43,1372
2025-07-24T03:38:23.1273233Z,20.33,3560,20.44,1181
2025-07-24T03:38:23.1273233Z,20.33,1372,20.45,1016
                                   
2025-07-24T03:38:24.1273233Z,20.38,6595,20.40,17696
2025-07-24T03:38:24.1273233Z,20.37,7169,20.41,4309
2025-07-24T03:38:24.1273233Z,20.36,5942,20.42,3394
2025-07-24T03:38:24.1273233Z,20.35,2659,20.43,1594
2025-07-24T03:38:24.1273233Z,20.34,1603,20.44,1372
2025-07-24T03:38:24.1273233Z,20.33,3120,20.45,1181
2025-07-24T03:38:24.1273233Z,20.32,5931,20.46,1016
2025-07-24T03:38:24.1273233Z,20.31,3110,20.47,875
2025-07-24T03:38:24.1273233Z,20.30,1582,20.48,753
2025-07-24T03:38:24.1273233Z,20.29,5600,20.49,648
                                   
2025-07-24T03:38:25.1273233Z,20.45,1695,20.46,2500
2025-07-24T03:38:25.1273233Z,20.44,2059,20.47,2152
2025-07-24T03:38:25.1273233Z,20.44,2500,20.47,889
2025-07-24T03:38:25.1273233Z,20.43,1135,20.48,1852
2025-07-24T03:38:25.1273233Z,20.43,2152,20.49,1594
2025-07-24T03:38:25.1273233Z,20.42,1852,20.50,1372
2025-07-24T03:38:25.1273233Z,20.41,142,20.51,1181
2025-07-24T03:38:25.1273233Z,20.41,1594,20.52,1016
2025-07-24T03:38:25.1273233Z,20.40,1372,20.53,875
2025-07-24T03:38:25.1273233Z,20.39,3397,20.54,753
                                   
2025-07-24T03:38:26.1273233Z,20.56,19582,20.58,14560
2025-07-24T03:38:26.1273233Z,20.55,18947,20.59,2152
2025-07-24T03:38:26.1273233Z,20.54,24183,20.60,17454
2025-07-24T03:38:26.1273233Z,20.53,1925,20.61,1594
2025-07-24T03:38:26.1273233Z,20.52,3035,20.62,1372
2025-07-24T03:38:26.1273233Z,20.51,4297,20.63,1181
2025-07-24T03:38:26.1273233Z,20.50,1016,20.64,1016
2025-07-24T03:38:26.1273233Z,20.49,875,20.65,875
2025-07-24T03:38:26.1273233Z,20.48,753,20.66,753
2025-07-24T03:38:26.1273233Z,20.47,2304,20.67,648
                                   
2025-07-24T03:38:27.1273233Z,20.59,209,20.60,21427
2025-07-24T03:38:27.1273233Z,20.59,2500,20.61,2500
2025-07-24T03:38:27.1273233Z,20.58,26798,20.61,38550
2025-07-24T03:38:27.1273233Z,20.57,14431,20.62,2152
2025-07-24T03:38:27.1273233Z,20.57,1852,20.63,1852
2025-07-24T03:38:27.1273233Z,20.56,15409,20.64,1594
2025-07-24T03:38:27.1273233Z,20.56,1594,20.64,2982
2025-07-24T03:38:27.1273233Z,20.55,25924,20.65,1372
2025-07-24T03:38:27.1273233Z,20.55,1372,20.66,1181
2025-07-24T03:38:27.1273233Z,20.54,4134,20.67,1016
                                   
2025-07-24T03:38:28.1273233Z,20.59,9328,20.61,24610
2025-07-24T03:38:28.1273233Z,20.58,2152,20.61,2500
2025-07-24T03:38:28.1273233Z,20.58,32421,20.62,4925
2025-07-24T03:38:28.1273233Z,20.57,1852,20.62,2152
2025-07-24T03:38:28.1273233Z,20.57,13522,20.63,1639
2025-07-24T03:38:28.1273233Z,20.56,1594,20.63,1852
2025-07-24T03:38:28.1273233Z,20.56,18591,20.64,475
2025-07-24T03:38:28.1273233Z,20.55,1372,20.64,1594
2025-07-24T03:38:28.1273233Z,20.55,19661,20.65,1372
2025-07-24T03:38:28.1273233Z,20.54,1181,20.66,1181
                                   
2025-07-24T03:38:29.1273233Z,20.61,2500,20.63,1768
2025-07-24T03:38:29.1273233Z,20.61,9216,20.63,2500
2025-07-24T03:38:29.1273233Z,20.60,2152,20.64,2152
2025-07-24T03:38:29.1273233Z,20.60,16533,20.65,671
2025-07-24T03:38:29.1273233Z,20.59,1852,20.65,1852
2025-07-24T03:38:29.1273233Z,20.59,12059,20.66,1594
2025-07-24T03:38:29.1273233Z,20.58,1594,20.67,1372
2025-07-24T03:38:29.1273233Z,20.58,22802,20.68,1181
2025-07-24T03:38:29.1273233Z,20.57,1372,20.69,1016
2025-07-24T03:38:29.1273233Z,20.57,13508,20.70,875
                                   
2025-07-24T03:38:30.1273233Z,20.68,2500,20.70,356
2025-07-24T03:38:30.1273233Z,20.68,2751,20.70,2500
2025-07-24T03:38:30.1273233Z,20.67,2152,20.71,2152
2025-07-24T03:38:30.1273233Z,20.66,1852,20.72,1852
2025-07-24T03:38:30.1273233Z,20.66,1182,20.73,1594
2025-07-24T03:38:30.1273233Z,20.65,1594,20.74,1372
2025-07-24T03:38:30.1273233Z,20.65,1363,20.75,1181
2025-07-24T03:38:30.1273233Z,20.64,1372,20.76,1016
2025-07-24T03:38:30.1273233Z,20.64,4512,20.77,875
2025-07-24T03:38:30.1273233Z,20.63,1181,20.78,753
                                   
2025-07-24T03:38:31.1273233Z,20.76,9291,20.78,5639
2025-07-24T03:38:31.1273233Z,20.75,11223,20.79,2152
2025-07-24T03:38:31.1273233Z,20.74,8849,20.80,1852
2025-07-24T03:38:31.1273233Z,20.73,4562,20.81,1594
2025-07-24T03:38:31.1273233Z,20.72,2932,20.82,1372
2025-07-24T03:38:31.1273233Z,20.71,5619,20.83,1181
2025-07-24T03:38:31.1273233Z,20.69,2474,20.84,1016
2025-07-24T03:38:31.1273233Z,20.68,2622,20.85,875
2025-07-24T03:38:31.1273233Z,20.67,648,20.86,753
2025-07-24T03:38:31.1273233Z,20.66,1182,20.87,648
                                   
2025-07-24T03:38:32.1273233Z,20.86,2500,20.88,793
2025-07-24T03:38:32.1273233Z,20.86,3042,20.88,2500
2025-07-24T03:38:32.1273233Z,20.85,2152,20.89,264
2025-07-24T03:38:32.1273233Z,20.85,4529,20.89,2152
2025-07-24T03:38:32.1273233Z,20.84,1852,20.90,1852
2025-07-24T03:38:32.1273233Z,20.84,12185,20.91,1594
2025-07-24T03:38:32.1273233Z,20.83,1594,20.92,1372
2025-07-24T03:38:32.1273233Z,20.83,16707,20.93,1181
2025-07-24T03:38:32.1273233Z,20.82,1372,20.94,1016
2025-07-24T03:38:32.1273233Z,20.81,1181,20.95,875
                                   
2025-07-24T03:38:33.1273233Z,20.90,2500,20.92,2500
2025-07-24T03:38:33.1273233Z,20.90,13526,20.93,2152
2025-07-24T03:38:33.1273233Z,20.89,2152,20.94,1852
2025-07-24T03:38:33.1273233Z,20.88,1852,20.95,1594
2025-07-24T03:38:33.1273233Z,20.88,10657,20.96,1372
2025-07-24T03:38:33.1273233Z,20.87,1594,20.97,1181
2025-07-24T03:38:33.1273233Z,20.87,5964,20.98,1016
2025-07-24T03:38:33.1273233Z,20.86,1372,20.99,875
2025-07-24T03:38:33.1273233Z,20.86,12206,21.00,753
2025-07-24T03:38:33.1273233Z,20.85,1181,21.01,648
                                   
2025-07-24T03:38:34.1273233Z,20.98,337,20.99,1167
2025-07-24T03:38:34.1273233Z,20.98,2500,21.00,2500
2025-07-24T03:38:34.1273233Z,20.97,3382,21.01,2152
2025-07-24T03:38:34.1273233Z,20.97,2152,21.02,1852
2025-07-24T03:38:34.1273233Z,20.96,19434,21.02,3397
2025-07-24T03:38:34.1273233Z,20.96,1852,21.03,1594
2025-07-24T03:38:34.1273233Z,20.95,2955,21.04,1372
2025-07-24T03:38:34.1273233Z,20.95,1594,21.05,1181
2025-07-24T03:38:34.1273233Z,20.94,3088,21.06,1016
2025-07-24T03:38:34.1273233Z,20.94,1372,21.07,875
                                   
2025-07-24T03:38:35.1273233Z,21.01,481,21.03,961
2025-07-24T03:38:35.1273233Z,21.01,16043,21.03,2500
2025-07-24T03:38:35.1273233Z,21.00,2152,21.04,5787
2025-07-24T03:38:35.1273233Z,21.00,9488,21.04,2152
2025-07-24T03:38:35.1273233Z,20.99,1852,21.05,1852
2025-07-24T03:38:35.1273233Z,20.99,6414,21.06,1594
2025-07-24T03:38:35.1273233Z,20.98,1594,21.07,1372
2025-07-24T03:38:35.1273233Z,20.98,1090,21.08,1181
2025-07-24T03:38:35.1273233Z,20.97,1372,21.09,1016
2025-07-24T03:38:35.1273233Z,20.96,1181,21.10,875
                                   
2025-07-24T03:38:36.1273233Z,21.03,2500,21.05,874
2025-07-24T03:38:36.1273233Z,21.02,1323,21.06,2152
2025-07-24T03:38:36.1273233Z,21.01,13385,21.07,1852
2025-07-24T03:38:36.1273233Z,21.00,19515,21.08,1594
2025-07-24T03:38:36.1273233Z,20.99,9395,21.09,1372
2025-07-24T03:38:36.1273233Z,20.96,5469,21.10,1181
2025-07-24T03:38:36.1273233Z,20.95,2955,21.11,1016
2025-07-24T03:38:36.1273233Z,20.94,491,21.12,875
2025-07-24T03:38:36.1273233Z,20.93,1426,21.13,753
2025-07-24T03:38:36.1273233Z,20.89,118,21.14,648
                                   
2025-07-24T03:38:37.1273233Z,21.08,529,21.09,704
2025-07-24T03:38:37.1273233Z,21.08,2500,21.10,2500
2025-07-24T03:38:37.1273233Z,21.07,4208,21.10,7103
2025-07-24T03:38:37.1273233Z,21.07,2152,21.11,2152
2025-07-24T03:38:37.1273233Z,21.06,693,21.11,3154
2025-07-24T03:38:37.1273233Z,21.06,1852,21.12,1852
2025-07-24T03:38:37.1273233Z,21.05,6456,21.12,1378
2025-07-24T03:38:37.1273233Z,21.05,1594,21.13,1594
2025-07-24T03:38:37.1273233Z,21.04,7325,21.14,1372
2025-07-24T03:38:37.1273233Z,21.04,1372,21.15,1181
                                   
2025-07-24T03:38:38.1273233Z,21.02,2500,21.04,5666
2025-07-24T03:38:38.1273233Z,21.02,518,21.04,2500
2025-07-24T03:38:38.1273233Z,21.01,2152,21.05,4928
2025-07-24T03:38:38.1273233Z,21.01,286,21.05,2152
2025-07-24T03:38:38.1273233Z,21.00,1852,21.06,3771
2025-07-24T03:38:38.1273233Z,21.00,10503,21.06,1852
2025-07-24T03:38:38.1273233Z,20.99,1594,21.07,6535
2025-07-24T03:38:38.1273233Z,20.98,1372,21.07,1594
2025-07-24T03:38:38.1273233Z,20.97,1181,21.08,1372
2025-07-24T03:38:38.1273233Z,20.96,1016,21.09,1181
                                   
2025-07-24T03:38:39.1273233Z,20.97,2252,20.99,9791
2025-07-24T03:38:39.1273233Z,20.97,1252,20.99,2500
2025-07-24T03:38:39.1273233Z,20.96,2152,21.00,4054
2025-07-24T03:38:39.1273233Z,20.96,1517,21.00,2152
2025-07-24T03:38:39.1273233Z,20.95,1852,21.01,14160
2025-07-24T03:38:39.1273233Z,20.95,496,21.01,1852
2025-07-24T03:38:39.1273233Z,20.94,1594,21.02,21588
2025-07-24T03:38:39.1273233Z,20.94,491,21.02,1594
2025-07-24T03:38:39.1273233Z,20.93,1372,21.03,21075
2025-07-24T03:38:39.1273233Z,20.93,1236,21.03,1372
                                   
2025-07-24T03:38:40.1273233Z,20.90,10611,20.92,20191
2025-07-24T03:38:40.1273233Z,20.89,9626,20.93,22690
2025-07-24T03:38:40.1273233Z,20.88,1852,20.94,1852
2025-07-24T03:38:40.1273233Z,20.87,1594,20.95,2351
2025-07-24T03:38:40.1273233Z,20.86,1372,20.96,8390
2025-07-24T03:38:40.1273233Z,20.85,1181,20.97,1865
2025-07-24T03:38:40.1273233Z,20.84,1016,20.98,1435
2025-07-24T03:38:40.1273233Z,20.83,875,20.99,1243
2025-07-24T03:38:40.1273233Z,20.82,753,21.00,753
2025-07-24T03:38:40.1273233Z,20.81,648,21.01,13524
                                   
2025-07-24T03:38:41.1273233Z,20.89,7981,20.90,3857
2025-07-24T03:38:41.1273233Z,20.89,2500,20.91,2500
2025-07-24T03:38:41.1273233Z,20.88,5179,20.91,5516
2025-07-24T03:38:41.1273233Z,20.88,2152,20.92,2152
2025-07-24T03:38:41.1273233Z,20.87,1852,20.92,7737
2025-07-24T03:38:41.1273233Z,20.86,1594,20.93,1852
2025-07-24T03:38:41.1273233Z,20.85,1372,20.93,20698
2025-07-24T03:38:41.1273233Z,20.84,1181,20.94,1594
2025-07-24T03:38:41.1273233Z,20.83,1016,20.94,640
2025-07-24T03:38:41.1273233Z,20.82,875,20.95,1372
                                   
2025-07-24T03:38:42.1273233Z,20.89,2500,20.91,2682
2025-07-24T03:38:42.1273233Z,20.89,3442,20.91,2500
2025-07-24T03:38:42.1273233Z,20.88,2152,20.92,19002
2025-07-24T03:38:42.1273233Z,20.88,8973,20.92,2152
2025-07-24T03:38:42.1273233Z,20.87,1852,20.93,1458
2025-07-24T03:38:42.1273233Z,20.87,3595,20.93,1852
2025-07-24T03:38:42.1273233Z,20.86,1594,20.94,1594
2025-07-24T03:38:42.1273233Z,20.86,1785,20.95,1372
2025-07-24T03:38:42.1273233Z,20.85,1372,20.96,6701
2025-07-24T03:38:42.1273233Z,20.84,1181,20.96,1181
                                   
2025-07-24T03:38:43.1273233Z,20.89,496,20.91,1996
2025-07-24T03:38:43.1273233Z,20.89,2500,20.91,17240
2025-07-24T03:38:43.1273233Z,20.88,8683,20.92,2152
2025-07-24T03:38:43.1273233Z,20.88,2152,20.92,17999
2025-07-24T03:38:43.1273233Z,20.87,7848,20.93,1852
2025-07-24T03:38:43.1273233Z,20.87,1852,20.93,1458
2025-07-24T03:38:43.1273233Z,20.86,3841,20.94,1594
2025-07-24T03:38:43.1273233Z,20.86,1594,20.95,1372
2025-07-24T03:38:43.1273233Z,20.85,2351,20.96,1181
2025-07-24T03:38:43.1273233Z,20.85,1372,20.97,1016
                                   
2025-07-24T03:38:44.1273233Z,20.93,46,20.94,32601
2025-07-24T03:38:44.1273233Z,20.93,2500,20.95,2500
2025-07-24T03:38:44.1273233Z,20.92,4080,20.96,2152
2025-07-24T03:38:44.1273233Z,20.92,2152,20.98,1594
2025-07-24T03:38:44.1273233Z,20.91,3298,20.99,1372
2025-07-24T03:38:44.1273233Z,20.91,1852,21.00,1181
2025-07-24T03:38:44.1273233Z,20.90,10195,21.01,1016
2025-07-24T03:38:44.1273233Z,20.90,1594,21.02,875
2025-07-24T03:38:44.1273233Z,20.89,21540,21.03,753
2025-07-24T03:38:44.1273233Z,20.89,1372,21.03,11130
                                   
2025-07-24T03:38:45.1273233Z,20.88,2500,20.90,5977
2025-07-24T03:38:45.1273233Z,20.88,2704,20.90,2500
2025-07-24T03:38:45.1273233Z,20.87,2152,20.91,5548
2025-07-24T03:38:45.1273233Z,20.86,1852,20.91,2152
2025-07-24T03:38:45.1273233Z,20.86,2818,20.92,12666
2025-07-24T03:38:45.1273233Z,20.85,1594,20.92,1852
2025-07-24T03:38:45.1273233Z,20.85,2351,20.93,1139
2025-07-24T03:38:45.1273233Z,20.84,1372,20.93,1594
2025-07-24T03:38:45.1273233Z,20.83,1181,20.94,28058
2025-07-24T03:38:45.1273233Z,20.82,1016,20.94,1372
                                   
2025-07-24T03:38:46.1273233Z,20.85,2097,20.87,898
2025-07-24T03:38:46.1273233Z,20.85,2500,20.87,2915
2025-07-24T03:38:46.1273233Z,20.84,2467,20.88,2152
2025-07-24T03:38:46.1273233Z,20.84,2152,20.88,25564
2025-07-24T03:38:46.1273233Z,20.83,1852,20.89,1852
2025-07-24T03:38:46.1273233Z,20.82,1594,20.89,27433
2025-07-24T03:38:46.1273233Z,20.81,1372,20.90,1594
2025-07-24T03:38:46.1273233Z,20.80,1181,20.90,8763
2025-07-24T03:38:46.1273233Z,20.79,1016,20.91,1372
2025-07-24T03:38:46.1273233Z,20.78,875,20.92,1181
                                   
2025-07-24T03:38:47.1273233Z,20.84,644,20.85,890
2025-07-24T03:38:47.1273233Z,20.84,2500,20.86,2500
2025-07-24T03:38:47.1273233Z,20.83,8936,20.86,4202
2025-07-24T03:38:47.1273233Z,20.83,2152,20.87,2152
2025-07-24T03:38:47.1273233Z,20.82,759,20.87,11839
2025-07-24T03:38:47.1273233Z,20.82,1852,20.88,1852
2025-07-24T03:38:47.1273233Z,20.81,38,20.88,15603
2025-07-24T03:38:47.1273233Z,20.81,1594,20.89,1594
2025-07-24T03:38:47.1273233Z,20.80,1372,20.89,27433
2025-07-24T03:38:47.1273233Z,20.79,1181,20.90,1372
                                   
2025-07-24T03:38:48.1273233Z,20.83,2500,20.85,2500
2025-07-24T03:38:48.1273233Z,20.83,10120,20.86,12692
2025-07-24T03:38:48.1273233Z,20.82,2152,20.86,2152
2025-07-24T03:38:48.1273233Z,20.82,6603,20.87,6535
2025-07-24T03:38:48.1273233Z,20.81,1852,20.87,1852
2025-07-24T03:38:48.1273233Z,20.80,1594,20.88,15143
2025-07-24T03:38:48.1273233Z,20.80,691,20.88,1594
2025-07-24T03:38:48.1273233Z,20.79,1372,20.89,26799
2025-07-24T03:38:48.1273233Z,20.79,1767,20.89,1372
2025-07-24T03:38:48.1273233Z,20.78,1181,20.90,7837
                                   
2025-07-24T03:38:49.1273233Z,20.85,627,20.86,756
2025-07-24T03:38:49.1273233Z,20.85,2500,20.87,2500
2025-07-24T03:38:49.1273233Z,20.84,5846,20.87,17945
2025-07-24T03:38:49.1273233Z,20.84,2152,20.88,2152
2025-07-24T03:38:49.1273233Z,20.83,31672,20.88,15143
2025-07-24T03:38:49.1273233Z,20.83,1852,20.89,1852
2025-07-24T03:38:49.1273233Z,20.82,4362,20.89,3856
2025-07-24T03:38:49.1273233Z,20.82,1594,20.90,1594
2025-07-24T03:38:49.1273233Z,20.81,1372,20.90,6098
2025-07-24T03:38:49.1273233Z,20.80,691,20.91,1372
                                   
2025-07-24T03:38:50.1273233Z,20.87,13525,20.88,1819
2025-07-24T03:38:50.1273233Z,20.87,2500,20.89,2500
2025-07-24T03:38:50.1273233Z,20.86,8403,20.89,5760
2025-07-24T03:38:50.1273233Z,20.86,2152,20.90,2152
2025-07-24T03:38:50.1273233Z,20.85,5169,20.90,9687
2025-07-24T03:38:50.1273233Z,20.85,1852,20.91,1852
2025-07-24T03:38:50.1273233Z,20.84,9618,20.91,316
2025-07-24T03:38:50.1273233Z,20.84,1594,20.92,1594
2025-07-24T03:38:50.1273233Z,20.83,20237,20.93,1372
2025-07-24T03:38:50.1273233Z,20.83,1372,20.94,1181
                                   
2025-07-24T03:38:51.1273233Z,20.84,2936,20.85,15609
2025-07-24T03:38:51.1273233Z,20.84,2500,20.86,2500
2025-07-24T03:38:51.1273233Z,20.83,18973,20.86,3875
2025-07-24T03:38:51.1273233Z,20.83,2152,20.87,2152
2025-07-24T03:38:51.1273233Z,20.82,2843,20.87,8433
2025-07-24T03:38:51.1273233Z,20.82,1852,20.88,1852
2025-07-24T03:38:51.1273233Z,20.81,1594,20.88,7520
2025-07-24T03:38:51.1273233Z,20.80,1372,20.89,1594
2025-07-24T03:38:51.1273233Z,20.79,1181,20.89,3687
2025-07-24T03:38:51.1273233Z,20.78,1016,20.90,1372
                                   
2025-07-24T03:38:52.1273233Z,20.86,5342,20.88,2500
2025-07-24T03:38:52.1273233Z,20.86,2500,20.88,9530
2025-07-24T03:38:52.1273233Z,20.85,646,20.89,2152
2025-07-24T03:38:52.1273233Z,20.85,2152,20.89,3339
2025-07-24T03:38:52.1273233Z,20.84,5464,20.90,1852
2025-07-24T03:38:52.1273233Z,20.84,1852,20.90,9683
2025-07-24T03:38:52.1273233Z,20.83,2211,20.91,1594
2025-07-24T03:38:52.1273233Z,20.83,1594,20.91,5792
2025-07-24T03:38:52.1273233Z,20.82,3234,20.92,1372
2025-07-24T03:38:52.1273233Z,20.82,1372,20.93,1181
                                   
2025-07-24T03:38:53.1273233Z,20.89,6486,20.91,2500
2025-07-24T03:38:53.1273233Z,20.89,2500,20.91,1886
2025-07-24T03:38:53.1273233Z,20.88,11838,20.92,2152
2025-07-24T03:38:53.1273233Z,20.88,2152,20.92,11276
2025-07-24T03:38:53.1273233Z,20.87,656,20.93,1852
2025-07-24T03:38:53.1273233Z,20.87,1852,20.94,1594
2025-07-24T03:38:53.1273233Z,20.86,4686,20.94,687
2025-07-24T03:38:53.1273233Z,20.86,1594,20.95,1372
2025-07-24T03:38:53.1273233Z,20.85,3497,20.95,724
2025-07-24T03:38:53.1273233Z,20.85,1372,20.96,1181
                                   
2025-07-24T03:38:54.1273233Z,20.90,7641,20.92,2500
2025-07-24T03:38:54.1273233Z,20.90,2500,20.92,12339
2025-07-24T03:38:54.1273233Z,20.89,15575,20.93,2152
2025-07-24T03:38:54.1273233Z,20.89,2152,20.93,3796
2025-07-24T03:38:54.1273233Z,20.88,5644,20.94,1852
2025-07-24T03:38:54.1273233Z,20.88,1852,20.94,5137
2025-07-24T03:38:54.1273233Z,20.87,1513,20.95,1594
2025-07-24T03:38:54.1273233Z,20.87,1594,20.95,1246
2025-07-24T03:38:54.1273233Z,20.86,998,20.96,1372
2025-07-24T03:38:54.1273233Z,20.86,1372,20.97,1181
                                   
2025-07-24T03:38:55.1273233Z,20.94,3476,20.95,66
2025-07-24T03:38:55.1273233Z,20.94,2500,20.96,2500
2025-07-24T03:38:55.1273233Z,20.93,643,20.97,2152
2025-07-24T03:38:55.1273233Z,20.93,2152,20.98,1852
2025-07-24T03:38:55.1273233Z,20.92,5297,20.99,1594
2025-07-24T03:38:55.1273233Z,20.92,1852,21.00,1372
2025-07-24T03:38:55.1273233Z,20.91,66912,21.01,1181
2025-07-24T03:38:55.1273233Z,20.91,1594,21.02,1016
2025-07-24T03:38:55.1273233Z,20.90,9298,21.03,875
2025-07-24T03:38:55.1273233Z,20.90,1372,21.04,753
                                   
2025-07-24T03:38:56.1273233Z,20.98,3664,20.99,2500
2025-07-24T03:38:56.1273233Z,20.97,2491,20.99,5930
2025-07-24T03:38:56.1273233Z,20.97,2500,21.00,2152
2025-07-24T03:38:56.1273233Z,20.96,3825,21.00,1790
2025-07-24T03:38:56.1273233Z,20.96,2152,21.01,1852
2025-07-24T03:38:56.1273233Z,20.95,267,21.01,12176
2025-07-24T03:38:56.1273233Z,20.95,1852,21.02,1594
2025-07-24T03:38:56.1273233Z,20.94,2509,21.02,243
2025-07-24T03:38:56.1273233Z,20.94,1594,21.03,1372
2025-07-24T03:38:56.1273233Z,20.93,3853,21.04,1181
                                   
2025-07-24T03:38:57.1273233Z,20.96,2500,20.99,17340
2025-07-24T03:38:57.1273233Z,20.95,2152,20.99,2152
2025-07-24T03:38:57.1273233Z,20.95,16152,21.00,16924
2025-07-24T03:38:57.1273233Z,20.94,1852,21.00,1852
2025-07-24T03:38:57.1273233Z,20.94,1501,21.01,12440
2025-07-24T03:38:57.1273233Z,20.93,1594,21.01,1594
2025-07-24T03:38:57.1273233Z,20.92,1372,21.02,1372
2025-07-24T03:38:57.1273233Z,20.92,6715,21.03,1181
2025-07-24T03:38:57.1273233Z,20.91,1181,21.04,1016
2025-07-24T03:38:57.1273233Z,20.91,21571,21.05,1544
                                   
2025-07-24T03:38:58.1273233Z,20.97,167,20.98,26010
2025-07-24T03:38:58.1273233Z,20.97,2500,20.99,2500
2025-07-24T03:38:58.1273233Z,20.96,2152,20.99,19894
2025-07-24T03:38:58.1273233Z,20.95,13995,21.00,2152
2025-07-24T03:38:58.1273233Z,20.95,1852,21.00,21263
2025-07-24T03:38:58.1273233Z,20.94,9894,21.01,1852
2025-07-24T03:38:58.1273233Z,20.94,1594,21.01,9507
2025-07-24T03:38:58.1273233Z,20.93,5077,21.02,1594
2025-07-24T03:38:58.1273233Z,20.93,1372,21.04,1181
2025-07-24T03:38:58.1273233Z,20.92,3919,21.05,1016
                                   
2025-07-24T03:38:59.1273233Z,20.95,2500,20.97,2500
2025-07-24T03:38:59.1273233Z,20.95,2093,20.98,12873
2025-07-24T03:38:59.1273233Z,20.94,2152,20.98,2152
2025-07-24T03:38:59.1273233Z,20.94,7032,20.99,14648
2025-07-24T03:38:59.1273233Z,20.93,1852,20.99,1852
2025-07-24T03:38:59.1273233Z,20.93,5077,21.00,18653
2025-07-24T03:38:59.1273233Z,20.92,1594,21.00,1594
2025-07-24T03:38:59.1273233Z,20.92,3919,21.01,9063
2025-07-24T03:38:59.1273233Z,20.91,1372,21.01,1372
2025-07-24T03:38:59.1273233Z,20.90,1181,21.02,1181
                                   
2025-07-24T03:39:00.1273233Z,20.96,1483,20.97,341
2025-07-24T03:39:00.1273233Z,20.96,2500,20.98,2500
2025-07-24T03:39:00.1273233Z,20.95,12577,20.98,18072
2025-07-24T03:39:00.1273233Z,20.95,2152,20.99,2152
2025-07-24T03:39:00.1273233Z,20.94,24953,20.99,18307
2025-07-24T03:39:00.1273233Z,20.94,1852,21.00,1852
2025-07-24T03:39:00.1273233Z,20.93,4682,21.00,4969
2025-07-24T03:39:00.1273233Z,20.93,1594,21.01,1594
2025-07-24T03:39:00.1273233Z,20.92,2501,21.01,9063
2025-07-24T03:39:00.1273233Z,20.92,1372,21.02,1372
                                   
2025-07-24T03:39:01.1273233Z,20.96,2500,20.98,5134
2025-07-24T03:39:01.1273233Z,20.96,179,20.98,2500
2025-07-24T03:39:01.1273233Z,20.95,2152,20.99,9142
2025-07-24T03:39:01.1273233Z,20.95,18266,20.99,2152
2025-07-24T03:39:01.1273233Z,20.94,1852,21.00,1964
2025-07-24T03:39:01.1273233Z,20.94,24314,21.00,1852
2025-07-24T03:39:01.1273233Z,20.93,1594,21.01,9063
2025-07-24T03:39:01.1273233Z,20.93,3046,21.01,1594
2025-07-24T03:39:01.1273233Z,20.92,1372,21.02,1372
2025-07-24T03:39:01.1273233Z,20.92,2501,21.03,1181
                                   
2025-07-24T03:39:02.1273233Z,20.94,25199,20.96,7126
2025-07-24T03:39:02.1273233Z,20.93,10707,20.97,45886
2025-07-24T03:39:02.1273233Z,20.92,7594,20.98,32764
2025-07-24T03:39:02.1273233Z,20.91,1594,20.99,11230
2025-07-24T03:39:02.1273233Z,20.90,1372,21.00,3753
2025-07-24T03:39:02.1273233Z,20.89,1181,21.01,5777
2025-07-24T03:39:02.1273233Z,20.88,1016,21.02,1016
2025-07-24T03:39:02.1273233Z,20.87,875,21.03,875
2025-07-24T03:39:02.1273233Z,20.86,753,21.04,753
2025-07-24T03:39:02.1273233Z,20.85,648,21.05,648
                                   
2025-07-24T03:39:03.1273233Z,20.96,2933,20.97,15889
2025-07-24T03:39:03.1273233Z,20.96,2500,20.98,2500
2025-07-24T03:39:03.1273233Z,20.95,9235,20.98,23011
2025-07-24T03:39:03.1273233Z,20.95,2152,20.99,2152
2025-07-24T03:39:03.1273233Z,20.94,11151,20.99,9440
2025-07-24T03:39:03.1273233Z,20.94,1852,21.00,1852
2025-07-24T03:39:03.1273233Z,20.93,14863,21.00,1904
2025-07-24T03:39:03.1273233Z,20.93,1594,21.01,1594
2025-07-24T03:39:03.1273233Z,20.92,3241,21.01,4596
2025-07-24T03:39:03.1273233Z,20.92,1372,21.02,1372
                                   
2025-07-24T03:39:04.1273233Z,20.93,119,20.95,1941
2025-07-24T03:39:04.1273233Z,20.93,2500,20.95,1398
2025-07-24T03:39:04.1273233Z,20.92,9917,20.96,2152
2025-07-24T03:39:04.1273233Z,20.92,2152,20.96,15762
2025-07-24T03:39:04.1273233Z,20.91,1852,20.97,1852
2025-07-24T03:39:04.1273233Z,20.90,1594,20.97,2333
2025-07-24T03:39:04.1273233Z,20.89,1372,20.98,1594
2025-07-24T03:39:04.1273233Z,20.88,1181,20.98,45747
2025-07-24T03:39:04.1273233Z,20.87,1016,20.99,1372
2025-07-24T03:39:04.1273233Z,20.86,875,20.99,4958
                                   
2025-07-24T03:39:05.1273233Z,20.92,2903,20.94,15550
2025-07-24T03:39:05.1273233Z,20.91,23546,20.95,10725
2025-07-24T03:39:05.1273233Z,20.90,4990,20.96,9126
2025-07-24T03:39:05.1273233Z,20.89,1594,20.97,3927
2025-07-24T03:39:05.1273233Z,20.88,1372,20.98,30711
2025-07-24T03:39:05.1273233Z,20.87,1181,20.99,1181
2025-07-24T03:39:05.1273233Z,20.86,1016,21.00,1016
2025-07-24T03:39:05.1273233Z,20.85,875,21.01,875
2025-07-24T03:39:05.1273233Z,20.84,753,21.02,753
2025-07-24T03:39:05.1273233Z,20.83,648,21.03,648
                                   
2025-07-24T03:39:06.1273233Z,20.94,20727,20.95,8752
2025-07-24T03:39:06.1273233Z,20.94,2500,20.96,2500
2025-07-24T03:39:06.1273233Z,20.93,6273,20.96,5989
2025-07-24T03:39:06.1273233Z,20.93,2152,20.97,2152
2025-07-24T03:39:06.1273233Z,20.92,12511,20.97,1579
2025-07-24T03:39:06.1273233Z,20.92,1852,20.98,1852
2025-07-24T03:39:06.1273233Z,20.91,24004,20.98,19889
2025-07-24T03:39:06.1273233Z,20.91,1594,20.99,1594
2025-07-24T03:39:06.1273233Z,20.90,3993,21.00,1372
2025-07-24T03:39:06.1273233Z,20.90,1372,21.01,1181
                                   
2025-07-24T03:39:07.1273233Z,20.97,2253,20.98,1544
2025-07-24T03:39:07.1273233Z,20.97,2500,20.99,2500
2025-07-24T03:39:07.1273233Z,20.96,5218,20.99,8118
2025-07-24T03:39:07.1273233Z,20.96,2152,21.00,2152
2025-07-24T03:39:07.1273233Z,20.95,13172,21.00,2803
2025-07-24T03:39:07.1273233Z,20.95,1852,21.01,1852
2025-07-24T03:39:07.1273233Z,20.94,6022,21.02,1594
2025-07-24T03:39:07.1273233Z,20.94,1594,21.03,1372
2025-07-24T03:39:07.1273233Z,20.93,10310,21.04,1181
2025-07-24T03:39:07.1273233Z,20.93,1372,21.05,1016
                                   
2025-07-24T03:39:08.1273233Z,20.96,23281,20.97,11906
2025-07-24T03:39:08.1273233Z,20.96,2500,20.98,2500
2025-07-24T03:39:08.1273233Z,20.95,12929,20.98,3567
2025-07-24T03:39:08.1273233Z,20.95,2152,20.99,2152
2025-07-24T03:39:08.1273233Z,20.94,3145,20.99,8825
2025-07-24T03:39:08.1273233Z,20.94,1852,21.00,1852
2025-07-24T03:39:08.1273233Z,20.93,6034,21.00,4793
2025-07-24T03:39:08.1273233Z,20.93,1594,21.01,1594
2025-07-24T03:39:08.1273233Z,20.92,8455,21.02,1372
2025-07-24T03:39:08.1273233Z,20.92,1372,21.03,1181
                                   
2025-07-24T03:39:09.1273233Z,20.96,1673,20.98,1352
2025-07-24T03:39:09.1273233Z,20.96,2500,20.98,33915
2025-07-24T03:39:09.1273233Z,20.95,1008,20.99,2152
2025-07-24T03:39:09.1273233Z,20.95,2152,20.99,9910
2025-07-24T03:39:09.1273233Z,20.94,3145,21.00,1852
2025-07-24T03:39:09.1273233Z,20.94,1852,21.01,1594
2025-07-24T03:39:09.1273233Z,20.93,5363,21.01,1776
2025-07-24T03:39:09.1273233Z,20.93,1594,21.02,1372
2025-07-24T03:39:09.1273233Z,20.92,2646,21.03,1181
2025-07-24T03:39:09.1273233Z,20.92,1372,21.04,1016
                                   
2025-07-24T03:39:10.1273233Z,20.95,2500,20.97,2500
2025-07-24T03:39:10.1273233Z,20.94,2645,20.97,10641
2025-07-24T03:39:10.1273233Z,20.94,2152,20.98,2152
2025-07-24T03:39:10.1273233Z,20.93,24302,20.98,6282
2025-07-24T03:39:10.1273233Z,20.93,1852,20.99,1852
2025-07-24T03:39:10.1273233Z,20.92,1631,20.99,4046
2025-07-24T03:39:10.1273233Z,20.92,1594,21.00,1594
2025-07-24T03:39:10.1273233Z,20.91,1372,21.00,2259
2025-07-24T03:39:10.1273233Z,20.90,666,21.01,1372
2025-07-24T03:39:10.1273233Z,20.90,1181,21.01,3240
                                   
2025-07-24T03:39:11.1273233Z,20.93,2500,20.95,2500
2025-07-24T03:39:11.1273233Z,20.92,3331,20.95,6229
2025-07-24T03:39:11.1273233Z,20.92,2152,20.96,2152
2025-07-24T03:39:11.1273233Z,20.91,1852,20.96,11126
2025-07-24T03:39:11.1273233Z,20.90,779,20.97,1852
2025-07-24T03:39:11.1273233Z,20.90,1594,20.97,13902
2025-07-24T03:39:11.1273233Z,20.89,1372,20.98,1594
2025-07-24T03:39:11.1273233Z,20.88,1181,20.98,9584
2025-07-24T03:39:11.1273233Z,20.87,1016,20.99,1372
2025-07-24T03:39:11.1273233Z,20.86,875,20.99,4046
                                   
2025-07-24T03:39:12.1273233Z,20.81,2500,20.83,145
2025-07-24T03:39:12.1273233Z,20.81,5111,20.83,2500
2025-07-24T03:39:12.1273233Z,20.80,2152,20.84,18756
2025-07-24T03:39:12.1273233Z,20.79,1852,20.84,2152
2025-07-24T03:39:12.1273233Z,20.78,1594,20.85,1852
2025-07-24T03:39:12.1273233Z,20.77,1372,20.86,1757
2025-07-24T03:39:12.1273233Z,20.76,1181,20.86,1594
2025-07-24T03:39:12.1273233Z,20.75,1016,20.87,438
2025-07-24T03:39:12.1273233Z,20.74,875,20.87,1372
2025-07-24T03:39:12.1273233Z,20.73,753,20.88,1818
                                   
2025-07-24T03:39:13.1273233Z,20.72,2543,20.73,967
2025-07-24T03:39:13.1273233Z,20.72,2500,20.74,2500
2025-07-24T03:39:13.1273233Z,20.71,2152,20.74,472
2025-07-24T03:39:13.1273233Z,20.70,395,20.75,2152
2025-07-24T03:39:13.1273233Z,20.70,1852,20.75,4735
2025-07-24T03:39:13.1273233Z,20.69,1594,20.76,1852
2025-07-24T03:39:13.1273233Z,20.68,1372,20.76,11232
2025-07-24T03:39:13.1273233Z,20.67,1181,20.77,1594
2025-07-24T03:39:13.1273233Z,20.66,1016,20.77,8634
2025-07-24T03:39:13.1273233Z,20.65,875,20.78,1372
                                   
2025-07-24T03:39:14.1273233Z,20.66,5580,20.68,11878
2025-07-24T03:39:14.1273233Z,20.65,4984,20.69,2553
2025-07-24T03:39:14.1273233Z,20.64,2336,20.70,1852
2025-07-24T03:39:14.1273233Z,20.63,3169,20.71,2861
2025-07-24T03:39:14.1273233Z,20.62,1372,20.72,6161
2025-07-24T03:39:14.1273233Z,20.61,1181,20.73,4503
2025-07-24T03:39:14.1273233Z,20.60,1016,20.74,4187
2025-07-24T03:39:14.1273233Z,20.59,875,20.75,1560
2025-07-24T03:39:14.1273233Z,20.58,753,20.76,4149
2025-07-24T03:39:14.1273233Z,20.57,648,20.77,3298
                                   
2025-07-24T03:39:15.1273233Z,20.65,2500,20.66,2128
2025-07-24T03:39:15.1273233Z,20.64,1064,20.67,2500
2025-07-24T03:39:15.1273233Z,20.64,2152,20.67,5360
2025-07-24T03:39:15.1273233Z,20.63,1852,20.68,2152
2025-07-24T03:39:15.1273233Z,20.62,1594,20.68,28988
2025-07-24T03:39:15.1273233Z,20.61,1372,20.69,1852
2025-07-24T03:39:15.1273233Z,20.60,1181,20.69,6224
2025-07-24T03:39:15.1273233Z,20.59,1016,20.70,1594
2025-07-24T03:39:15.1273233Z,20.58,875,20.71,1372
2025-07-24T03:39:15.1273233Z,20.57,753,20.71,574
                                   
2025-07-24T03:39:16.1273233Z,20.67,16139,20.68,12527
2025-07-24T03:39:16.1273233Z,20.67,2500,20.69,2500
2025-07-24T03:39:16.1273233Z,20.66,10338,20.69,14213
2025-07-24T03:39:16.1273233Z,20.66,2152,20.70,2152
2025-07-24T03:39:16.1273233Z,20.65,1628,20.70,154
2025-07-24T03:39:16.1273233Z,20.65,1852,20.71,1852
2025-07-24T03:39:16.1273233Z,20.64,5514,20.71,3361
2025-07-24T03:39:16.1273233Z,20.64,1594,20.72,1594
2025-07-24T03:39:16.1273233Z,20.63,3045,20.72,456
2025-07-24T03:39:16.1273233Z,20.63,1372,20.73,1372
                                   
2025-07-24T03:39:17.1273233Z,20.74,2500,20.76,2397
2025-07-24T03:39:17.1273233Z,20.74,6391,20.77,2152
2025-07-24T03:39:17.1273233Z,20.73,2152,20.78,1852
2025-07-24T03:39:17.1273233Z,20.73,7704,20.79,1594
2025-07-24T03:39:17.1273233Z,20.72,1852,20.80,19
2025-07-24T03:39:17.1273233Z,20.72,3244,20.80,1372
2025-07-24T03:39:17.1273233Z,20.71,1594,20.81,1181
2025-07-24T03:39:17.1273233Z,20.70,1372,20.82,1016
2025-07-24T03:39:17.1273233Z,20.69,1181,20.83,875
2025-07-24T03:39:17.1273233Z,20.68,1016,20.84,7226
                                   
2025-07-24T03:39:18.1273233Z,20.80,687,20.81,5602
2025-07-24T03:39:18.1273233Z,20.79,2500,20.81,2500
2025-07-24T03:39:18.1273233Z,20.79,1786,20.82,512
2025-07-24T03:39:18.1273233Z,20.78,2152,20.82,2152
2025-07-24T03:39:18.1273233Z,20.78,5970,20.83,5748
2025-07-24T03:39:18.1273233Z,20.77,1852,20.83,1852
2025-07-24T03:39:18.1273233Z,20.77,2937,20.84,4671
2025-07-24T03:39:18.1273233Z,20.76,1594,20.84,1594
2025-07-24T03:39:18.1273233Z,20.76,7785,20.85,1372
2025-07-24T03:39:18.1273233Z,20.75,1372,20.86,1181
                                   
2025-07-24T03:39:19.1273233Z,20.74,2500,20.75,908
2025-07-24T03:39:19.1273233Z,20.74,10327,20.76,5694
2025-07-24T03:39:19.1273233Z,20.73,2152,20.76,2500
2025-07-24T03:39:19.1273233Z,20.73,961,20.77,14842
2025-07-24T03:39:19.1273233Z,20.72,1852,20.77,2152
2025-07-24T03:39:19.1273233Z,20.72,678,20.78,25961
2025-07-24T03:39:19.1273233Z,20.71,1594,20.78,1852
2025-07-24T03:39:19.1273233Z,20.70,1372,20.79,11910
2025-07-24T03:39:19.1273233Z,20.69,1181,20.79,1594
2025-07-24T03:39:19.1273233Z,20.68,1016,20.80,11405
                                   
2025-07-24T03:39:20.1273233Z,20.65,4114,20.66,6304
2025-07-24T03:39:20.1273233Z,20.65,2500,20.67,2500
2025-07-24T03:39:20.1273233Z,20.64,4284,20.67,2164
2025-07-24T03:39:20.1273233Z,20.64,2152,20.68,2152
2025-07-24T03:39:20.1273233Z,20.63,3088,20.68,9141
2025-07-24T03:39:20.1273233Z,20.63,1852,20.69,1852
2025-07-24T03:39:20.1273233Z,20.62,1594,20.69,7630
2025-07-24T03:39:20.1273233Z,20.61,1372,20.70,1594
2025-07-24T03:39:20.1273233Z,20.60,1181,20.70,5238
2025-07-24T03:39:20.1273233Z,20.59,1016,20.71,1372
                                   
2025-07-24T03:39:21.1273233Z,20.56,9575,20.60,30949
2025-07-24T03:39:21.1273233Z,20.56,2500,20.61,1594
2025-07-24T03:39:21.1273233Z,20.55,2152,20.61,3756
2025-07-24T03:39:21.1273233Z,20.53,1594,20.62,1372
2025-07-24T03:39:21.1273233Z,20.52,1372,20.62,256
2025-07-24T03:39:21.1273233Z,20.51,1181,20.63,1181
2025-07-24T03:39:21.1273233Z,20.50,1016,20.63,5314
2025-07-24T03:39:21.1273233Z,20.49,875,20.64,1016
2025-07-24T03:39:21.1273233Z,20.48,753,20.64,2600
2025-07-24T03:39:21.1273233Z,20.47,648,20.65,875
                                   
2025-07-24T03:39:22.1273233Z,20.44,2253,20.46,11394
2025-07-24T03:39:22.1273233Z,20.44,2879,20.46,2500
2025-07-24T03:39:22.1273233Z,20.43,2152,20.47,1846
2025-07-24T03:39:22.1273233Z,20.43,5443,20.47,2152
2025-07-24T03:39:22.1273233Z,20.42,1852,20.48,14369
2025-07-24T03:39:22.1273233Z,20.42,178,20.48,1852
2025-07-24T03:39:22.1273233Z,20.41,1594,20.49,11262
2025-07-24T03:39:22.1273233Z,20.40,1372,20.49,1594
2025-07-24T03:39:22.1273233Z,20.39,1181,20.50,4898
2025-07-24T03:39:22.1273233Z,20.38,1016,20.50,1372
                                   
2025-07-24T03:39:23.1273233Z,20.45,3610,20.46,8014
2025-07-24T03:39:23.1273233Z,20.45,2500,20.47,2500
2025-07-24T03:39:23.1273233Z,20.44,5537,20.48,2152
2025-07-24T03:39:23.1273233Z,20.44,2152,20.48,14175
2025-07-24T03:39:23.1273233Z,20.43,2334,20.49,1852
2025-07-24T03:39:23.1273233Z,20.43,1852,20.49,6573
2025-07-24T03:39:23.1273233Z,20.42,178,20.50,1594
2025-07-24T03:39:23.1273233Z,20.42,1594,20.51,1372
2025-07-24T03:39:23.1273233Z,20.41,1372,20.52,1181
2025-07-24T03:39:23.1273233Z,20.40,1181,20.52,908
                                   
2025-07-24T03:39:24.1273233Z,20.39,2500,20.41,5637
2025-07-24T03:39:24.1273233Z,20.38,2152,20.41,2500
2025-07-24T03:39:24.1273233Z,20.37,1852,20.42,10753
2025-07-24T03:39:24.1273233Z,20.36,1594,20.42,2152
2025-07-24T03:39:24.1273233Z,20.35,1372,20.43,9633
2025-07-24T03:39:24.1273233Z,20.34,1181,20.43,1852
2025-07-24T03:39:24.1273233Z,20.33,1016,20.44,2358
2025-07-24T03:39:24.1273233Z,20.32,875,20.44,1594
2025-07-24T03:39:24.1273233Z,20.31,753,20.45,19358
2025-07-24T03:39:24.1273233Z,20.30,648,20.45,1372
                                   
2025-07-24T03:39:25.1273233Z,20.38,21015,20.40,3281
2025-07-24T03:39:25.1273233Z,20.37,6456,20.41,25855
2025-07-24T03:39:25.1273233Z,20.36,1852,20.42,8748
2025-07-24T03:39:25.1273233Z,20.35,1594,20.43,14263
2025-07-24T03:39:25.1273233Z,20.34,1372,20.44,3730
2025-07-24T03:39:25.1273233Z,20.33,1181,20.45,16054
2025-07-24T03:39:25.1273233Z,20.32,1016,20.46,6665
2025-07-24T03:39:25.1273233Z,20.31,875,20.47,3306
2025-07-24T03:39:25.1273233Z,20.30,753,20.48,12313
2025-07-24T03:39:25.1273233Z,20.29,648,20.49,648
                                   
2025-07-24T03:39:26.1273233Z,20.37,846,20.38,2500
2025-07-24T03:39:26.1273233Z,20.36,2500,20.39,2152
2025-07-24T03:39:26.1273233Z,20.36,1765,20.40,297
2025-07-24T03:39:26.1273233Z,20.35,2152,20.40,1852
2025-07-24T03:39:26.1273233Z,20.35,13220,20.41,17889
2025-07-24T03:39:26.1273233Z,20.34,1852,20.41,1594
2025-07-24T03:39:26.1273233Z,20.34,4479,20.42,11971
2025-07-24T03:39:26.1273233Z,20.33,1594,20.42,1372
2025-07-24T03:39:26.1273233Z,20.33,773,20.43,11232
2025-07-24T03:39:26.1273233Z,20.32,1372,20.43,1181
                                   
2025-07-24T03:39:27.1273233Z,20.40,7448,20.41,4984
2025-07-24T03:39:27.1273233Z,20.40,2500,20.42,2500
2025-07-24T03:39:27.1273233Z,20.39,5438,20.42,15690
2025-07-24T03:39:27.1273233Z,20.39,2152,20.43,2152
2025-07-24T03:39:27.1273233Z,20.38,1356,20.43,11424
2025-07-24T03:39:27.1273233Z,20.38,1852,20.44,1852
2025-07-24T03:39:27.1273233Z,20.37,832,20.45,1594
2025-07-24T03:39:27.1273233Z,20.37,1594,20.45,1834
2025-07-24T03:39:27.1273233Z,20.36,4981,20.46,1372
2025-07-24T03:39:27.1273233Z,20.36,1372,20.47,1181
                                   
2025-07-24T03:39:28.1273233Z,20.31,2500,20.33,2500
2025-07-24T03:39:28.1273233Z,20.30,2152,20.33,3036
2025-07-24T03:39:28.1273233Z,20.29,1852,20.34,2152
2025-07-24T03:39:28.1273233Z,20.28,1594,20.34,20804
2025-07-24T03:39:28.1273233Z,20.27,1372,20.35,1852
2025-07-24T03:39:28.1273233Z,20.26,1181,20.35,13240
2025-07-24T03:39:28.1273233Z,20.25,1016,20.36,1594
2025-07-24T03:39:28.1273233Z,20.24,875,20.36,31017
2025-07-24T03:39:28.1273233Z,20.23,753,20.37,1372
2025-07-24T03:39:28.1273233Z,20.22,648,20.37,9329
                                   
2025-07-24T03:39:29.1273233Z,20.34,533,20.35,8544
2025-07-24T03:39:29.1273233Z,20.34,2500,20.36,2500
2025-07-24T03:39:29.1273233Z,20.33,15058,20.36,13521
2025-07-24T03:39:29.1273233Z,20.33,2152,20.37,2152
2025-07-24T03:39:29.1273233Z,20.32,9471,20.37,5287
2025-07-24T03:39:29.1273233Z,20.32,1852,20.38,1852
2025-07-24T03:39:29.1273233Z,20.31,12409,20.38,1176
2025-07-24T03:39:29.1273233Z,20.31,1594,20.39,1594
2025-07-24T03:39:29.1273233Z,20.30,6333,20.39,3100
2025-07-24T03:39:29.1273233Z,20.30,1372,20.40,1372
                                   
2025-07-24T03:39:30.1273233Z,20.38,2083,20.40,2500
2025-07-24T03:39:30.1273233Z,20.38,12272,20.41,2323
2025-07-24T03:39:30.1273233Z,20.37,2152,20.41,2152
2025-07-24T03:39:30.1273233Z,20.37,22837,20.42,1315
2025-07-24T03:39:30.1273233Z,20.36,1852,20.42,1852
2025-07-24T03:39:30.1273233Z,20.36,7262,20.43,1594
2025-07-24T03:39:30.1273233Z,20.35,6032,20.44,1372
2025-07-24T03:39:30.1273233Z,20.34,1372,20.45,1181
2025-07-24T03:39:30.1273233Z,20.34,3266,20.46,1016
2025-07-24T03:39:30.1273233Z,20.33,1181,20.47,875
                                   
2025-07-24T03:39:31.1273233Z,20.45,256,20.47,2500
2025-07-24T03:39:31.1273233Z,20.45,2500,20.47,4113
2025-07-24T03:39:31.1273233Z,20.44,18969,20.48,2152
2025-07-24T03:39:31.1273233Z,20.44,2152,20.48,1875
2025-07-24T03:39:31.1273233Z,20.43,24346,20.49,1852
2025-07-24T03:39:31.1273233Z,20.43,1852,20.50,1594
2025-07-24T03:39:31.1273233Z,20.42,7004,20.50,7418
2025-07-24T03:39:31.1273233Z,20.42,1594,20.51,1372
2025-07-24T03:39:31.1273233Z,20.41,1372,20.52,1181
2025-07-24T03:39:31.1273233Z,20.40,12320,20.54,875
                                   
2025-07-24T03:39:32.1273233Z,20.51,2500,20.53,2500
2025-07-24T03:39:32.1273233Z,20.50,2944,20.54,2152
2025-07-24T03:39:32.1273233Z,20.50,12152,20.54,471
2025-07-24T03:39:32.1273233Z,20.49,7899,20.55,1852
2025-07-24T03:39:32.1273233Z,20.49,7917,20.56,1594
2025-07-24T03:39:32.1273233Z,20.48,3908,20.57,1372
2025-07-24T03:39:32.1273233Z,20.48,5273,20.58,1181
2025-07-24T03:39:32.1273233Z,20.47,7361,20.59,1016
2025-07-24T03:39:32.1273233Z,20.47,3603,20.60,875
2025-07-24T03:39:32.1273233Z,20.46,38093,20.61,753
                                   
2025-07-24T03:39:33.1273233Z,20.66,5118,20.68,2500
2025-07-24T03:39:33.1273233Z,20.66,2500,20.68,524
2025-07-24T03:39:33.1273233Z,20.65,10000,20.69,2152
2025-07-24T03:39:33.1273233Z,20.65,8064,20.70,1852
2025-07-24T03:39:33.1273233Z,20.65,2152,20.71,1594
2025-07-24T03:39:33.1273233Z,20.64,6065,20.72,1372
2025-07-24T03:39:33.1273233Z,20.64,9055,20.73,1181
2025-07-24T03:39:33.1273233Z,20.64,1852,20.74,1016
2025-07-24T03:39:33.1273233Z,20.63,3679,20.75,875
2025-07-24T03:39:33.1273233Z,20.63,23014,20.76,753
                                   
2025-07-24T03:39:34.1273233Z,20.82,667,20.84,2500
2025-07-24T03:39:34.1273233Z,20.82,2500,20.84,2788
2025-07-24T03:39:34.1273233Z,20.81,4660,20.85,2152
2025-07-24T03:39:34.1273233Z,20.81,2152,20.86,1852
2025-07-24T03:39:34.1273233Z,20.80,10000,20.87,1594
2025-07-24T03:39:34.1273233Z,20.80,3008,20.88,1372
2025-07-24T03:39:34.1273233Z,20.80,1852,20.89,1181
2025-07-24T03:39:34.1273233Z,20.79,6065,20.90,1016
2025-07-24T03:39:34.1273233Z,20.79,446,20.91,875
2025-07-24T03:39:34.1273233Z,20.79,1594,20.92,753
                                   
2025-07-24T03:39:35.1273233Z,20.84,2500,20.86,2500
2025-07-24T03:39:35.1273233Z,20.83,17944,20.86,3601
2025-07-24T03:39:35.1273233Z,20.83,2152,20.87,2152
2025-07-24T03:39:35.1273233Z,20.82,35257,20.87,1177
2025-07-24T03:39:35.1273233Z,20.82,1852,20.88,1852
2025-07-24T03:39:35.1273233Z,20.81,15402,20.89,1594
2025-07-24T03:39:35.1273233Z,20.81,1594,20.90,1372
2025-07-24T03:39:35.1273233Z,20.80,8153,20.91,1181
2025-07-24T03:39:35.1273233Z,20.80,1372,20.92,1016
2025-07-24T03:39:35.1273233Z,20.79,1799,20.93,875
                                   
2025-07-24T03:39:36.1273233Z,21.02,2500,21.04,1923
2025-07-24T03:39:36.1273233Z,21.02,254,21.05,2152
2025-07-24T03:39:36.1273233Z,21.01,2152,21.06,1852
2025-07-24T03:39:36.1273233Z,21.01,7264,21.07,1594
2025-07-24T03:39:36.1273233Z,21.00,1852,21.08,1372
2025-07-24T03:39:36.1273233Z,21.00,3242,21.09,1181
2025-07-24T03:39:36.1273233Z,20.99,1594,21.10,1016
2025-07-24T03:39:36.1273233Z,20.99,1008,21.11,875
2025-07-24T03:39:36.1273233Z,20.98,1372,21.12,753
2025-07-24T03:39:36.1273233Z,20.97,1181,21.13,648
                                   
2025-07-24T03:39:37.1273233Z,21.13,940,21.15,2500
2025-07-24T03:39:37.1273233Z,21.13,2500,21.15,2928
2025-07-24T03:39:37.1273233Z,21.12,10000,21.16,2152
2025-07-24T03:39:37.1273233Z,21.12,23376,21.17,1852
2025-07-24T03:39:37.1273233Z,21.12,2152,21.18,1594
2025-07-24T03:39:37.1273233Z,21.11,6065,21.19,1372
2025-07-24T03:39:37.1273233Z,21.11,2604,21.20,1181
2025-07-24T03:39:37.1273233Z,21.11,1852,21.21,1016
2025-07-24T03:39:37.1273233Z,21.10,3679,21.22,875
2025-07-24T03:39:37.1273233Z,21.10,5338,21.23,753
                                   
2025-07-24T03:39:38.1273233Z,21.17,685,21.18,61
2025-07-24T03:39:38.1273233Z,21.17,2500,21.19,2500
2025-07-24T03:39:38.1273233Z,21.16,24119,21.20,2152
2025-07-24T03:39:38.1273233Z,21.16,2152,21.20,4421
2025-07-24T03:39:38.1273233Z,21.15,14031,21.21,1852
2025-07-24T03:39:38.1273233Z,21.15,1852,21.22,1594
2025-07-24T03:39:38.1273233Z,21.14,6134,21.23,1372
2025-07-24T03:39:38.1273233Z,21.14,1594,21.24,1181
2025-07-24T03:39:38.1273233Z,21.13,6493,21.25,1016
2025-07-24T03:39:38.1273233Z,21.13,1372,21.26,875
                                   
2025-07-24T03:39:39.1273233Z,21.20,3811,21.22,3347
2025-07-24T03:39:39.1273233Z,21.19,10000,21.23,2152
2025-07-24T03:39:39.1273233Z,21.19,8424,21.24,1852
2025-07-24T03:39:39.1273233Z,21.18,6065,21.25,1594
2025-07-24T03:39:39.1273233Z,21.18,3999,21.26,1372
2025-07-24T03:39:39.1273233Z,21.17,3679,21.27,1181
2025-07-24T03:39:39.1273233Z,21.17,5965,21.28,1016
2025-07-24T03:39:39.1273233Z,21.16,2231,21.29,875
2025-07-24T03:39:39.1273233Z,21.16,14377,21.30,753
2025-07-24T03:39:39.1273233Z,21.15,1353,21.31,648
                                   
2025-07-24T03:39:40.1273233Z,21.24,2323,21.26,2500
2025-07-24T03:39:40.1273233Z,21.24,2500,21.26,1438
2025-07-24T03:39:40.1273233Z,21.23,22871,21.27,2152
2025-07-24T03:39:40.1273233Z,21.23,2152,21.27,171
2025-07-24T03:39:40.1273233Z,21.22,17340,21.28,1852
2025-07-24T03:39:40.1273233Z,21.22,1852,21.29,1594
2025-07-24T03:39:40.1273233Z,21.21,3679,21.30,1372
2025-07-24T03:39:40.1273233Z,21.21,1594,21.31,1181
2025-07-24T03:39:40.1273233Z,21.20,19306,21.32,1016
2025-07-24T03:39:40.1273233Z,21.20,1372,21.33,875
                                   
2025-07-24T03:39:41.1273233Z,21.31,11037,21.32,6651
2025-07-24T03:39:41.1273233Z,21.31,2500,21.33,2500
2025-07-24T03:39:41.1273233Z,21.30,15172,21.33,2465
2025-07-24T03:39:41.1273233Z,21.30,2152,21.34,2152
2025-07-24T03:39:41.1273233Z,21.29,8886,21.34,1866
2025-07-24T03:39:41.1273233Z,21.29,1852,21.35,1852
2025-07-24T03:39:41.1273233Z,21.28,11530,21.35,856
2025-07-24T03:39:41.1273233Z,21.28,1594,21.36,1594
2025-07-24T03:39:41.1273233Z,21.27,11232,21.37,1372
2025-07-24T03:39:41.1273233Z,21.27,1372,21.38,1181
                                   
2025-07-24T03:39:42.1273233Z,21.33,17015,21.35,13051
2025-07-24T03:39:42.1273233Z,21.32,18706,21.36,12977
2025-07-24T03:39:42.1273233Z,21.31,29477,21.37,1852
2025-07-24T03:39:42.1273233Z,21.30,5819,21.38,1594
2025-07-24T03:39:42.1273233Z,21.29,7136,21.39,1372
2025-07-24T03:39:42.1273233Z,21.28,8007,21.40,1181
2025-07-24T03:39:42.1273233Z,21.27,8619,21.41,1016
2025-07-24T03:39:42.1273233Z,21.26,11019,21.42,875
2025-07-24T03:39:42.1273233Z,21.25,1774,21.43,753
2025-07-24T03:39:42.1273233Z,21.24,1941,21.44,648
                                   
2025-07-24T03:39:43.1273233Z,21.35,2633,21.37,403
2025-07-24T03:39:43.1273233Z,21.35,2500,21.37,2853
2025-07-24T03:39:43.1273233Z,21.34,17380,21.38,2152
2025-07-24T03:39:43.1273233Z,21.34,2152,21.39,1852
2025-07-24T03:39:43.1273233Z,21.33,4772,21.40,1594
2025-07-24T03:39:43.1273233Z,21.33,1852,21.41,1372
2025-07-24T03:39:43.1273233Z,21.32,15234,21.42,1181
2025-07-24T03:39:43.1273233Z,21.32,1594,21.43,1016
2025-07-24T03:39:43.1273233Z,21.31,40917,21.44,875
2025-07-24T03:39:43.1273233Z,21.31,1372,21.45,753
                                   
2025-07-24T03:39:44.1273233Z,21.36,49825,21.38,2050
2025-07-24T03:39:44.1273233Z,21.36,2500,21.39,2152
2025-07-24T03:39:44.1273233Z,21.36,10000,21.40,1852
2025-07-24T03:39:44.1273233Z,21.35,16828,21.41,1594
2025-07-24T03:39:44.1273233Z,21.35,2152,21.42,1372
2025-07-24T03:39:44.1273233Z,21.35,6065,21.43,1181
2025-07-24T03:39:44.1273233Z,21.34,9548,21.44,1016
2025-07-24T03:39:44.1273233Z,21.34,1852,21.45,875
2025-07-24T03:39:44.1273233Z,21.34,3679,21.46,753
2025-07-24T03:39:44.1273233Z,21.33,1659,21.47,648
                                   
2025-07-24T03:39:45.1273233Z,21.43,67,21.44,2500
2025-07-24T03:39:45.1273233Z,21.42,646,21.45,2152
2025-07-24T03:39:45.1273233Z,21.42,2500,21.45,98
2025-07-24T03:39:45.1273233Z,21.41,10000,21.46,1852
2025-07-24T03:39:45.1273233Z,21.41,5935,21.47,1594
2025-07-24T03:39:45.1273233Z,21.41,2152,21.48,1372
2025-07-24T03:39:45.1273233Z,21.40,6065,21.49,1181
2025-07-24T03:39:45.1273233Z,21.40,4097,21.50,1016
2025-07-24T03:39:45.1273233Z,21.40,1852,21.51,875
2025-07-24T03:39:45.1273233Z,21.39,3679,21.52,753
                                   
2025-07-24T03:39:46.1273233Z,21.54,2500,21.56,2395
2025-07-24T03:39:46.1273233Z,21.54,250,21.57,2152
2025-07-24T03:39:46.1273233Z,21.53,10000,21.58,1852
2025-07-24T03:39:46.1273233Z,21.53,2152,21.59,1594
2025-07-24T03:39:46.1273233Z,21.53,6636,21.60,1372
2025-07-24T03:39:46.1273233Z,21.52,6065,21.61,1181
2025-07-24T03:39:46.1273233Z,21.52,1852,21.62,1016
2025-07-24T03:39:46.1273233Z,21.52,2888,21.63,875
2025-07-24T03:39:46.1273233Z,21.51,3679,21.64,753
2025-07-24T03:39:46.1273233Z,21.51,1594,21.65,648
                                   
2025-07-24T03:39:47.1273233Z,21.64,2500,21.67,1305
2025-07-24T03:39:47.1273233Z,21.63,10000,21.68,1852
2025-07-24T03:39:47.1273233Z,21.63,464,21.69,1594
2025-07-24T03:39:47.1273233Z,21.63,2152,21.70,1372
2025-07-24T03:39:47.1273233Z,21.62,6065,21.71,1181
2025-07-24T03:39:47.1273233Z,21.62,3690,21.72,1016
2025-07-24T03:39:47.1273233Z,21.62,1852,21.73,875
2025-07-24T03:39:47.1273233Z,21.61,3679,21.74,753
2025-07-24T03:39:47.1273233Z,21.61,181,21.75,648
2025-07-24T03:39:47.1273233Z,21.61,1594,,
                                   
2025-07-24T03:39:48.1273233Z,21.76,2097,21.77,567
2025-07-24T03:39:48.1273233Z,21.76,2500,21.78,2500
2025-07-24T03:39:48.1273233Z,21.75,10000,21.79,2152
2025-07-24T03:39:48.1273233Z,21.75,2944,21.80,1852
2025-07-24T03:39:48.1273233Z,21.75,2152,21.81,1594
2025-07-24T03:39:48.1273233Z,21.74,6065,21.82,1372
2025-07-24T03:39:48.1273233Z,21.74,2403,21.83,1181
2025-07-24T03:39:48.1273233Z,21.74,1852,21.84,1016
2025-07-24T03:39:48.1273233Z,21.73,3679,21.85,875
2025-07-24T03:39:48.1273233Z,21.73,6866,21.86,753
                                   
2025-07-24T03:39:49.1273233Z,21.87,8831,21.89,4318
2025-07-24T03:39:49.1273233Z,21.86,2560,21.90,6817
2025-07-24T03:39:49.1273233Z,21.85,19807,21.91,1852
2025-07-24T03:39:49.1273233Z,21.84,5555,21.92,1594
2025-07-24T03:39:49.1273233Z,21.83,1372,21.93,1372
2025-07-24T03:39:49.1273233Z,21.82,1181,21.94,1181
2025-07-24T03:39:49.1273233Z,21.81,7181,21.95,1016
2025-07-24T03:39:49.1273233Z,21.80,1069,21.96,875
2025-07-24T03:39:49.1273233Z,21.79,753,21.97,753
2025-07-24T03:39:49.1273233Z,21.78,648,21.98,648
                                   
2025-07-24T03:39:50.1273233Z,21.85,1266,21.86,7481
2025-07-24T03:39:50.1273233Z,21.85,2500,21.87,2500
2025-07-24T03:39:50.1273233Z,21.84,3223,21.87,14754
2025-07-24T03:39:50.1273233Z,21.84,2152,21.88,2152
2025-07-24T03:39:50.1273233Z,21.83,8855,21.88,925
2025-07-24T03:39:50.1273233Z,21.83,1852,21.89,1852
2025-07-24T03:39:50.1273233Z,21.82,1594,21.89,10589
2025-07-24T03:39:50.1273233Z,21.81,1372,21.90,1594
2025-07-24T03:39:50.1273233Z,21.80,194,21.90,2203
2025-07-24T03:39:50.1273233Z,21.80,1181,21.91,1372
                                   
2025-07-24T03:39:51.1273233Z,21.78,1262,21.79,493
2025-07-24T03:39:51.1273233Z,21.78,2500,21.80,2500
2025-07-24T03:39:51.1273233Z,21.77,5193,21.81,2152
2025-07-24T03:39:51.1273233Z,21.77,2152,21.81,2362
2025-07-24T03:39:51.1273233Z,21.76,3005,21.82,1852
2025-07-24T03:39:51.1273233Z,21.76,1852,21.82,6823
2025-07-24T03:39:51.1273233Z,21.75,10000,21.83,825
2025-07-24T03:39:51.1273233Z,21.75,1594,21.84,1372
2025-07-24T03:39:51.1273233Z,21.74,6065,21.84,12249
2025-07-24T03:39:51.1273233Z,21.74,1218,21.85,1181
                                   
2025-07-24T03:39:52.1273233Z,21.77,1158,21.78,474
2025-07-24T03:39:52.1273233Z,21.77,2500,21.79,2500
2025-07-24T03:39:52.1273233Z,21.76,1987,21.79,10698
2025-07-24T03:39:52.1273233Z,21.76,2152,21.80,2152
2025-07-24T03:39:52.1273233Z,21.75,10000,21.80,9070
2025-07-24T03:39:52.1273233Z,21.75,1852,21.81,1852
2025-07-24T03:39:52.1273233Z,21.74,5592,21.81,10024
2025-07-24T03:39:52.1273233Z,21.74,1594,21.82,1594
2025-07-24T03:39:52.1273233Z,21.73,1372,21.82,6823
2025-07-24T03:39:52.1273233Z,21.72,453,21.83,1372
                                   
2025-07-24T03:39:53.1273233Z,21.76,1473,21.77,2407
2025-07-24T03:39:53.1273233Z,21.75,2480,21.78,2500
2025-07-24T03:39:53.1273233Z,21.75,3532,21.79,2152
2025-07-24T03:39:53.1273233Z,21.75,2152,21.79,2455
2025-07-24T03:39:53.1273233Z,21.74,11430,21.80,1852
2025-07-24T03:39:53.1273233Z,21.74,1852,21.80,12690
2025-07-24T03:39:53.1273233Z,21.73,606,21.81,1594
2025-07-24T03:39:53.1273233Z,21.73,1594,21.81,9428
2025-07-24T03:39:53.1273233Z,21.72,453,21.82,5764
2025-07-24T03:39:53.1273233Z,21.72,1372,21.83,1181
                                   
2025-07-24T03:39:54.1273233Z,21.71,2500,21.73,7292
2025-07-24T03:39:54.1273233Z,21.70,5655,21.74,17776
2025-07-24T03:39:54.1273233Z,21.69,1852,21.75,5987
2025-07-24T03:39:54.1273233Z,21.68,1594,21.76,3053
2025-07-24T03:39:54.1273233Z,21.67,1372,21.77,32228
2025-07-24T03:39:54.1273233Z,21.66,1181,21.78,1436
2025-07-24T03:39:54.1273233Z,21.65,1016,21.79,2258
2025-07-24T03:39:54.1273233Z,21.64,875,21.80,7397
2025-07-24T03:39:54.1273233Z,21.63,4424,21.81,6920
2025-07-24T03:39:54.1273233Z,21.62,648,21.82,3156
                                   
2025-07-24T03:39:55.1273233Z,21.64,9198,21.66,4809
2025-07-24T03:39:55.1273233Z,21.63,5823,21.67,15204
2025-07-24T03:39:55.1273233Z,21.62,1852,21.68,5449
2025-07-24T03:39:55.1273233Z,21.61,1594,21.69,4458
2025-07-24T03:39:55.1273233Z,21.60,1372,21.70,6810
2025-07-24T03:39:55.1273233Z,21.59,1181,21.71,4010
2025-07-24T03:39:55.1273233Z,21.58,1016,21.72,9220
2025-07-24T03:39:55.1273233Z,21.57,875,21.73,4942
2025-07-24T03:39:55.1273233Z,21.56,753,21.74,8512
2025-07-24T03:39:55.1273233Z,21.55,648,21.75,4783
                                   
2025-07-24T03:39:56.1273233Z,21.62,1884,21.64,3394
2025-07-24T03:39:56.1273233Z,21.61,2152,21.64,2500
2025-07-24T03:39:56.1273233Z,21.61,3818,21.65,8103
2025-07-24T03:39:56.1273233Z,21.60,1852,21.65,2152
2025-07-24T03:39:56.1273233Z,21.60,2060,21.66,3522
2025-07-24T03:39:56.1273233Z,21.59,1594,21.66,1852
2025-07-24T03:39:56.1273233Z,21.59,1938,21.67,8132
2025-07-24T03:39:56.1273233Z,21.58,1372,21.67,1594
2025-07-24T03:39:56.1273233Z,21.57,1181,21.68,3824
2025-07-24T03:39:56.1273233Z,21.57,327,21.68,1372
                                   
2025-07-24T03:39:57.1273233Z,21.62,9822,21.64,2500
2025-07-24T03:39:57.1273233Z,21.62,2500,21.64,6073
2025-07-24T03:39:57.1273233Z,21.61,35741,21.65,2152
2025-07-24T03:39:57.1273233Z,21.61,2152,21.65,9450
2025-07-24T03:39:57.1273233Z,21.60,8323,21.66,1852
2025-07-24T03:39:57.1273233Z,21.60,1852,21.66,6855
2025-07-24T03:39:57.1273233Z,21.59,311,21.67,1594
2025-07-24T03:39:57.1273233Z,21.59,1594,21.67,7081
2025-07-24T03:39:57.1273233Z,21.58,1764,21.68,1372
2025-07-24T03:39:57.1273233Z,21.58,1372,21.68,3824
                                   
2025-07-24T03:39:58.1273233Z,21.63,2500,21.65,3721
2025-07-24T03:39:58.1273233Z,21.63,835,21.65,2500
2025-07-24T03:39:58.1273233Z,21.62,2152,21.66,4739
2025-07-24T03:39:58.1273233Z,21.62,24789,21.66,2152
2025-07-24T03:39:58.1273233Z,21.61,1852,21.67,17744
2025-07-24T03:39:58.1273233Z,21.61,16329,21.67,1852
2025-07-24T03:39:58.1273233Z,21.60,1594,21.68,1594
2025-07-24T03:39:58.1273233Z,21.60,7511,21.69,494
2025-07-24T03:39:58.1273233Z,21.59,1372,21.69,1372
2025-07-24T03:39:58.1273233Z,21.58,1181,21.70,1181
                                   
2025-07-24T03:39:59.1273233Z,21.64,4261,21.65,4278
2025-07-24T03:39:59.1273233Z,21.64,2500,21.66,2500
2025-07-24T03:39:59.1273233Z,21.63,2466,21.66,11665
2025-07-24T03:39:59.1273233Z,21.63,2152,21.67,2152
2025-07-24T03:39:59.1273233Z,21.62,30062,21.67,17540
2025-07-24T03:39:59.1273233Z,21.62,1852,21.68,1852
2025-07-24T03:39:59.1273233Z,21.61,14642,21.69,1594
2025-07-24T03:39:59.1273233Z,21.61,1594,21.69,494
2025-07-24T03:39:59.1273233Z,21.60,30260,21.70,1372
2025-07-24T03:39:59.1273233Z,21.60,1372,21.71,1181
                                   
2025-07-24T03:40:00.1273233Z,21.62,2500,21.64,2010
2025-07-24T03:40:00.1273233Z,21.62,19318,21.65,5295
2025-07-24T03:40:00.1273233Z,21.61,2152,21.65,2152
2025-07-24T03:40:00.1273233Z,21.61,39656,21.66,10586
2025-07-24T03:40:00.1273233Z,21.60,1852,21.66,1852
2025-07-24T03:40:00.1273233Z,21.60,27726,21.67,13932
2025-07-24T03:40:00.1273233Z,21.59,1594,21.67,1594
2025-07-24T03:40:00.1273233Z,21.58,1372,21.68,1372
2025-07-24T03:40:00.1273233Z,21.57,1181,21.69,1181
2025-07-24T03:40:00.1273233Z,21.56,1016,21.70,1016
                                   
2025-07-24T03:40:01.1273233Z,21.62,2500,21.64,2500
2025-07-24T03:40:01.1273233Z,21.61,29483,21.64,2356
2025-07-24T03:40:01.1273233Z,21.61,2152,21.65,2152
2025-07-24T03:40:01.1273233Z,21.60,1852,21.65,943
2025-07-24T03:40:01.1273233Z,21.59,1594,21.66,1852
2025-07-24T03:40:01.1273233Z,21.58,1372,21.66,4559
2025-07-24T03:40:01.1273233Z,21.57,1181,21.67,1594
2025-07-24T03:40:01.1273233Z,21.56,1016,21.67,5248
2025-07-24T03:40:01.1273233Z,21.55,875,21.68,1372
2025-07-24T03:40:01.1273233Z,21.54,753,21.69,1181
                                   
2025-07-24T03:40:02.1273233Z,21.66,3963,21.67,3751
2025-07-24T03:40:02.1273233Z,21.66,2500,21.68,2500
2025-07-24T03:40:02.1273233Z,21.65,426,21.69,2152
2025-07-24T03:40:02.1273233Z,21.65,2152,21.70,1852
2025-07-24T03:40:02.1273233Z,21.64,6021,21.71,1594
2025-07-24T03:40:02.1273233Z,21.64,1852,21.72,1372
2025-07-24T03:40:02.1273233Z,21.63,1594,21.73,1181
2025-07-24T03:40:02.1273233Z,21.62,1372,21.74,1016
2025-07-24T03:40:02.1273233Z,21.61,24221,21.75,875
2025-07-24T03:40:02.1273233Z,21.61,1181,21.76,753
                                   
2025-07-24T03:40:03.1273233Z,21.71,3126,21.72,244
2025-07-24T03:40:03.1273233Z,21.70,4131,21.73,5005
2025-07-24T03:40:03.1273233Z,21.69,6618,21.74,2152
2025-07-24T03:40:03.1273233Z,21.68,21114,21.75,8900
2025-07-24T03:40:03.1273233Z,21.67,10626,21.76,1594
2025-07-24T03:40:03.1273233Z,21.66,20133,21.77,1372
2025-07-24T03:40:03.1273233Z,21.65,6201,21.78,1181
2025-07-24T03:40:03.1273233Z,21.64,3891,21.79,1016
2025-07-24T03:40:03.1273233Z,21.63,753,21.80,875
2025-07-24T03:40:03.1273233Z,21.62,648,21.81,753
                                   
2025-07-24T03:40:04.1273233Z,21.74,1916,21.77,2500
2025-07-24T03:40:04.1273233Z,21.74,2815,21.78,2152
2025-07-24T03:40:04.1273233Z,21.73,1852,21.79,1852
2025-07-24T03:40:04.1273233Z,21.73,4596,21.80,1594
2025-07-24T03:40:04.1273233Z,21.72,1594,21.81,1372
2025-07-24T03:40:04.1273233Z,21.72,6994,21.82,1181
2025-07-24T03:40:04.1273233Z,21.71,1372,21.83,1016
2025-07-24T03:40:04.1273233Z,21.71,2540,21.84,875
2025-07-24T03:40:04.1273233Z,21.70,1181,21.85,753
2025-07-24T03:40:04.1273233Z,21.70,9165,21.86,648
                                   
2025-07-24T03:40:05.1273233Z,21.79,2218,21.81,2500
2025-07-24T03:40:05.1273233Z,21.79,2500,21.82,2152
2025-07-24T03:40:05.1273233Z,21.78,2041,21.83,1852
2025-07-24T03:40:05.1273233Z,21.78,2152,21.84,1594
2025-07-24T03:40:05.1273233Z,21.77,27229,21.85,1372
2025-07-24T03:40:05.1273233Z,21.77,1852,21.86,1181
2025-07-24T03:40:05.1273233Z,21.76,29997,21.87,1016
2025-07-24T03:40:05.1273233Z,21.76,1594,21.88,875
2025-07-24T03:40:05.1273233Z,21.75,30866,21.89,753
2025-07-24T03:40:05.1273233Z,21.75,1372,21.90,648
                                   
2025-07-24T03:40:06.1273233Z,21.80,3278,21.81,19469
2025-07-24T03:40:06.1273233Z,21.80,2500,21.82,2500
2025-07-24T03:40:06.1273233Z,21.79,30761,21.82,12300
2025-07-24T03:40:06.1273233Z,21.79,2152,21.83,2152
2025-07-24T03:40:06.1273233Z,21.78,12462,21.83,896
2025-07-24T03:40:06.1273233Z,21.78,1852,21.84,1852
2025-07-24T03:40:06.1273233Z,21.77,7296,21.85,1594
2025-07-24T03:40:06.1273233Z,21.77,1594,21.86,1372
2025-07-24T03:40:06.1273233Z,21.76,24377,21.87,1181
2025-07-24T03:40:06.1273233Z,21.76,1372,21.88,1016
                                   
2025-07-24T03:40:07.1273233Z,21.83,585,21.84,6999
2025-07-24T03:40:07.1273233Z,21.83,2500,21.85,2500
2025-07-24T03:40:07.1273233Z,21.82,13263,21.85,810
2025-07-24T03:40:07.1273233Z,21.82,2152,21.86,2152
2025-07-24T03:40:07.1273233Z,21.81,13716,21.86,3421
2025-07-24T03:40:07.1273233Z,21.81,1852,21.87,1852
2025-07-24T03:40:07.1273233Z,21.80,14438,21.88,1594
2025-07-24T03:40:07.1273233Z,21.80,1594,21.89,1372
2025-07-24T03:40:07.1273233Z,21.79,48263,21.90,1181
2025-07-24T03:40:07.1273233Z,21.79,1372,21.91,1016
                                   
2025-07-24T03:40:08.1273233Z,21.83,2500,21.85,931
2025-07-24T03:40:08.1273233Z,21.83,1578,21.85,2500
2025-07-24T03:40:08.1273233Z,21.82,2152,21.86,14512
2025-07-24T03:40:08.1273233Z,21.82,2173,21.86,2152
2025-07-24T03:40:08.1273233Z,21.81,1852,21.87,274
2025-07-24T03:40:08.1273233Z,21.81,4029,21.87,1852
2025-07-24T03:40:08.1273233Z,21.80,1594,21.88,1594
2025-07-24T03:40:08.1273233Z,21.80,14455,21.89,1372
2025-07-24T03:40:08.1273233Z,21.79,1372,21.90,1181
2025-07-24T03:40:08.1273233Z,21.79,21719,21.91,1016
                                   
2025-07-24T03:40:09.1273233Z,21.80,7419,21.81,3684
2025-07-24T03:40:09.1273233Z,21.80,2500,21.82,2500
2025-07-24T03:40:09.1273233Z,21.79,20912,21.82,3973
2025-07-24T03:40:09.1273233Z,21.79,2152,21.83,2152
2025-07-24T03:40:09.1273233Z,21.78,1852,21.83,9384
2025-07-24T03:40:09.1273233Z,21.77,1594,21.84,1852
2025-07-24T03:40:09.1273233Z,21.76,1372,21.84,3195
2025-07-24T03:40:09.1273233Z,21.75,1181,21.85,1594
2025-07-24T03:40:09.1273233Z,21.74,2815,21.85,3928
2025-07-24T03:40:09.1273233Z,21.74,1016,21.86,1372
                                   
2025-07-24T03:40:10.1273233Z,21.80,4107,21.82,7763
2025-07-24T03:40:10.1273233Z,21.79,15477,21.83,14386
2025-07-24T03:40:10.1273233Z,21.78,8268,21.84,4117
2025-07-24T03:40:10.1273233Z,21.77,10077,21.85,3516
2025-07-24T03:40:10.1273233Z,21.76,1372,21.86,6347
2025-07-24T03:40:10.1273233Z,21.75,1181,21.87,1364
2025-07-24T03:40:10.1273233Z,21.74,3831,21.88,1016
2025-07-24T03:40:10.1273233Z,21.73,4037,21.89,875
2025-07-24T03:40:10.1273233Z,21.72,753,21.90,753
2025-07-24T03:40:10.1273233Z,21.71,648,21.91,648
                                   
2025-07-24T03:40:11.1273233Z,21.80,2500,21.82,10880
2025-07-24T03:40:11.1273233Z,21.80,3099,21.82,2500
2025-07-24T03:40:11.1273233Z,21.79,2152,21.83,10123
2025-07-24T03:40:11.1273233Z,21.79,6149,21.83,2152
2025-07-24T03:40:11.1273233Z,21.78,1852,21.84,3530
2025-07-24T03:40:11.1273233Z,21.78,3463,21.84,1852
2025-07-24T03:40:11.1273233Z,21.77,1594,21.85,1594
2025-07-24T03:40:11.1273233Z,21.77,3087,21.86,3726
2025-07-24T03:40:11.1273233Z,21.76,1372,21.86,1372
2025-07-24T03:40:11.1273233Z,21.75,1181,21.87,183
                                   
2025-07-24T03:40:12.1273233Z,21.79,2500,21.81,9090
2025-07-24T03:40:12.1273233Z,21.78,3245,21.82,12890
2025-07-24T03:40:12.1273233Z,21.77,4660,21.83,35943
2025-07-24T03:40:12.1273233Z,21.76,1594,21.84,8369
2025-07-24T03:40:12.1273233Z,21.75,1372,21.85,1372
2025-07-24T03:40:12.1273233Z,21.74,1181,21.86,4907
2025-07-24T03:40:12.1273233Z,21.73,1016,21.87,1199
2025-07-24T03:40:12.1273233Z,21.72,875,21.88,875
2025-07-24T03:40:12.1273233Z,21.71,753,21.89,753
2025-07-24T03:40:12.1273233Z,21.70,648,21.90,648
                                   
2025-07-24T03:40:13.1273233Z,21.72,7661,21.73,176
2025-07-24T03:40:13.1273233Z,21.72,2500,21.74,2500
2025-07-24T03:40:13.1273233Z,21.71,9175,21.74,2179
2025-07-24T03:40:13.1273233Z,21.71,2152,21.75,2152
2025-07-24T03:40:13.1273233Z,21.70,1852,21.75,4465
2025-07-24T03:40:13.1273233Z,21.69,1594,21.76,1852
2025-07-24T03:40:13.1273233Z,21.68,1372,21.76,2435
2025-07-24T03:40:13.1273233Z,21.67,1181,21.77,1594
2025-07-24T03:40:13.1273233Z,21.66,1016,21.77,10897
2025-07-24T03:40:13.1273233Z,21.65,875,21.78,1372
                                   
2025-07-24T03:40:14.1273233Z,21.67,2500,21.69,13627
2025-07-24T03:40:14.1273233Z,21.67,9196,21.69,2500
2025-07-24T03:40:14.1273233Z,21.66,2152,21.70,2449
2025-07-24T03:40:14.1273233Z,21.65,1852,21.70,2152
2025-07-24T03:40:14.1273233Z,21.64,1594,21.71,2740
2025-07-24T03:40:14.1273233Z,21.63,1372,21.71,1852
2025-07-24T03:40:14.1273233Z,21.62,1181,21.72,154
2025-07-24T03:40:14.1273233Z,21.61,1016,21.72,1594
2025-07-24T03:40:14.1273233Z,21.60,875,21.73,2981
2025-07-24T03:40:14.1273233Z,21.59,753,21.73,1372
                                   
2025-07-24T03:40:15.1273233Z,21.62,2500,21.64,1462
2025-07-24T03:40:15.1273233Z,21.62,12782,21.65,799
2025-07-24T03:40:15.1273233Z,21.61,2152,21.65,2152
2025-07-24T03:40:15.1273233Z,21.61,747,21.66,2378
2025-07-24T03:40:15.1273233Z,21.60,1852,21.66,1852
2025-07-24T03:40:15.1273233Z,21.59,1594,21.67,15465
2025-07-24T03:40:15.1273233Z,21.58,1372,21.67,1594
2025-07-24T03:40:15.1273233Z,21.57,1181,21.68,6559
2025-07-24T03:40:15.1273233Z,21.56,1016,21.68,1372
2025-07-24T03:40:15.1273233Z,21.55,875,21.69,7188
                                   
2025-07-24T03:40:16.1273233Z,21.57,1631,21.59,2500
2025-07-24T03:40:16.1273233Z,21.57,2500,21.59,15803
2025-07-24T03:40:16.1273233Z,21.56,2152,21.60,2152
2025-07-24T03:40:16.1273233Z,21.55,1852,21.60,6863
2025-07-24T03:40:16.1273233Z,21.54,1594,21.61,1852
2025-07-24T03:40:16.1273233Z,21.53,1372,21.61,8752
2025-07-24T03:40:16.1273233Z,21.52,1181,21.62,1594
2025-07-24T03:40:16.1273233Z,21.51,1016,21.62,2575
2025-07-24T03:40:16.1273233Z,21.50,875,21.63,1372
2025-07-24T03:40:16.1273233Z,21.49,753,21.63,1545
                                   
2025-07-24T03:40:17.1273233Z,21.54,7102,21.56,2500
2025-07-24T03:40:17.1273233Z,21.54,2500,21.56,5686
2025-07-24T03:40:17.1273233Z,21.53,2152,21.57,2152
2025-07-24T03:40:17.1273233Z,21.52,1387,21.58,1852
2025-07-24T03:40:17.1273233Z,21.52,1852,21.58,5886
2025-07-24T03:40:17.1273233Z,21.51,1594,21.59,1594
2025-07-24T03:40:17.1273233Z,21.50,1372,21.59,10300
2025-07-24T03:40:17.1273233Z,21.49,1181,21.60,1372
2025-07-24T03:40:17.1273233Z,21.48,1016,21.60,7064
2025-07-24T03:40:17.1273233Z,21.47,875,21.61,1181
                                   
2025-07-24T03:40:18.1273233Z,21.54,1840,21.56,13725
2025-07-24T03:40:18.1273233Z,21.54,15208,21.56,2500
2025-07-24T03:40:18.1273233Z,21.53,2152,21.57,8510
2025-07-24T03:40:18.1273233Z,21.53,2933,21.57,2152
2025-07-24T03:40:18.1273233Z,21.52,1852,21.58,1852
2025-07-24T03:40:18.1273233Z,21.52,1387,21.59,18431
2025-07-24T03:40:18.1273233Z,21.51,1594,21.59,1594
2025-07-24T03:40:18.1273233Z,21.51,846,21.60,6863
2025-07-24T03:40:18.1273233Z,21.50,1372,21.60,1372
2025-07-24T03:40:18.1273233Z,21.49,1181,21.61,7420
                                   
2025-07-24T03:40:19.1273233Z,21.52,2500,21.54,1198
2025-07-24T03:40:19.1273233Z,21.51,2152,21.54,2500
2025-07-24T03:40:19.1273233Z,21.50,1852,21.55,13062
2025-07-24T03:40:19.1273233Z,21.50,24624,21.55,2152
2025-07-24T03:40:19.1273233Z,21.49,1594,21.56,6224
2025-07-24T03:40:19.1273233Z,21.48,1372,21.56,1852
2025-07-24T03:40:19.1273233Z,21.48,2396,21.57,9000
2025-07-24T03:40:19.1273233Z,21.47,1181,21.57,1594
2025-07-24T03:40:19.1273233Z,21.46,1016,21.58,854
2025-07-24T03:40:19.1273233Z,21.45,875,21.58,1372
                                   
2025-07-24T03:40:20.1273233Z,21.52,1679,21.54,2500
2025-07-24T03:40:20.1273233Z,21.51,5491,21.54,6496
2025-07-24T03:40:20.1273233Z,21.51,2152,21.55,2152
2025-07-24T03:40:20.1273233Z,21.50,18408,21.55,10672
2025-07-24T03:40:20.1273233Z,21.50,1852,21.56,1852
2025-07-24T03:40:20.1273233Z,21.49,1594,21.56,6110
2025-07-24T03:40:20.1273233Z,21.48,105,21.57,1594
2025-07-24T03:40:20.1273233Z,21.48,1372,21.57,9000
2025-07-24T03:40:20.1273233Z,21.47,1181,21.58,1372
2025-07-24T03:40:20.1273233Z,21.46,1016,21.58,854
                                   
2025-07-24T03:40:21.1273233Z,21.53,3646,21.55,1142
2025-07-24T03:40:21.1273233Z,21.53,2500,21.55,9002
2025-07-24T03:40:21.1273233Z,21.52,11635,21.56,2152
2025-07-24T03:40:21.1273233Z,21.52,2152,21.56,4130
2025-07-24T03:40:21.1273233Z,21.51,9524,21.57,1852
2025-07-24T03:40:21.1273233Z,21.51,1852,21.57,1214
2025-07-24T03:40:21.1273233Z,21.50,18513,21.58,1594
2025-07-24T03:40:21.1273233Z,21.50,1594,21.58,854
2025-07-24T03:40:21.1273233Z,21.49,1372,21.59,1372
2025-07-24T03:40:21.1273233Z,21.48,105,21.59,13851
                                   
2025-07-24T03:40:22.1273233Z,21.57,927,21.58,34604
2025-07-24T03:40:22.1273233Z,21.57,2500,21.59,2500
2025-07-24T03:40:22.1273233Z,21.56,1265,21.59,18764
2025-07-24T03:40:22.1273233Z,21.56,2152,21.60,2152
2025-07-24T03:40:22.1273233Z,21.55,6563,21.60,203
2025-07-24T03:40:22.1273233Z,21.55,1852,21.61,1852
2025-07-24T03:40:22.1273233Z,21.54,4769,21.62,1594
2025-07-24T03:40:22.1273233Z,21.54,1594,21.63,1372
2025-07-24T03:40:22.1273233Z,21.53,5300,21.64,1181
2025-07-24T03:40:22.1273233Z,21.53,1372,21.65,1016
                                   
2025-07-24T03:40:23.1273233Z,21.54,11622,21.55,2099
2025-07-24T03:40:23.1273233Z,21.54,2500,21.56,2500
2025-07-24T03:40:23.1273233Z,21.53,6809,21.56,339
2025-07-24T03:40:23.1273233Z,21.53,2152,21.57,2152
2025-07-24T03:40:23.1273233Z,21.52,16061,21.57,1045
2025-07-24T03:40:23.1273233Z,21.52,1852,21.58,1852
2025-07-24T03:40:23.1273233Z,21.51,6885,21.58,56597
2025-07-24T03:40:23.1273233Z,21.51,1594,21.59,1594
2025-07-24T03:40:23.1273233Z,21.50,12524,21.59,20699
2025-07-24T03:40:23.1273233Z,21.50,1372,21.60,1372
                                   
2025-07-24T03:40:24.1273233Z,21.56,3141,21.57,552
2025-07-24T03:40:24.1273233Z,21.56,2500,21.58,2500
2025-07-24T03:40:24.1273233Z,21.55,17628,21.58,65653
2025-07-24T03:40:24.1273233Z,21.55,2152,21.59,2152
2025-07-24T03:40:24.1273233Z,21.54,15105,21.59,17473
2025-07-24T03:40:24.1273233Z,21.54,1852,21.60,1852
2025-07-24T03:40:24.1273233Z,21.53,5932,21.60,13686
2025-07-24T03:40:24.1273233Z,21.53,1594,21.61,1594
2025-07-24T03:40:24.1273233Z,21.52,9467,21.62,1372
2025-07-24T03:40:24.1273233Z,21.52,1372,21.63,1181
                                   
2025-07-24T03:40:25.1273233Z,21.55,1416,21.57,2500
2025-07-24T03:40:25.1273233Z,21.55,2500,21.57,2242
2025-07-24T03:40:25.1273233Z,21.54,1455,21.58,2152
2025-07-24T03:40:25.1273233Z,21.54,2152,21.58,50564
2025-07-24T03:40:25.1273233Z,21.53,5310,21.59,1852
2025-07-24T03:40:25.1273233Z,21.53,1852,21.59,2382
2025-07-24T03:40:25.1273233Z,21.52,9467,21.60,1594
2025-07-24T03:40:25.1273233Z,21.52,1594,21.60,1804
2025-07-24T03:40:25.1273233Z,21.51,2796,21.61,1372
2025-07-24T03:40:25.1273233Z,21.51,1372,21.62,1181
                                   
2025-07-24T03:40:26.1273233Z,21.52,8716,21.54,1440
2025-07-24T03:40:26.1273233Z,21.51,14021,21.55,4729
2025-07-24T03:40:26.1273233Z,21.50,3045,21.56,14522
2025-07-24T03:40:26.1273233Z,21.49,1594,21.57,4377
2025-07-24T03:40:26.1273233Z,21.48,1372,21.58,15489
2025-07-24T03:40:26.1273233Z,21.47,1181,21.59,2950
2025-07-24T03:40:26.1273233Z,21.46,1016,21.60,2820
2025-07-24T03:40:26.1273233Z,21.45,875,21.61,875
2025-07-24T03:40:26.1273233Z,21.44,753,21.62,753
2025-07-24T03:40:26.1273233Z,21.43,648,21.63,648
                                   
2025-07-24T03:40:27.1273233Z,21.53,971,21.54,7509
2025-07-24T03:40:27.1273233Z,21.53,2500,21.55,2500
2025-07-24T03:40:27.1273233Z,21.52,23154,21.55,1926
2025-07-24T03:40:27.1273233Z,21.52,2152,21.56,2152
2025-07-24T03:40:27.1273233Z,21.51,2241,21.56,14006
2025-07-24T03:40:27.1273233Z,21.51,1852,21.57,1852
2025-07-24T03:40:27.1273233Z,21.50,792,21.57,2952
2025-07-24T03:40:27.1273233Z,21.50,1594,21.58,1594
2025-07-24T03:40:27.1273233Z,21.49,1372,21.58,9030
2025-07-24T03:40:27.1273233Z,21.48,1181,21.59,1372
                                   
2025-07-24T03:40:28.1273233Z,21.44,2500,21.46,2963
2025-07-24T03:40:28.1273233Z,21.43,2152,21.46,2500
2025-07-24T03:40:28.1273233Z,21.42,1852,21.47,15388
2025-07-24T03:40:28.1273233Z,21.41,1594,21.47,2152
2025-07-24T03:40:28.1273233Z,21.40,1372,21.48,3673
2025-07-24T03:40:28.1273233Z,21.39,1181,21.48,1852
2025-07-24T03:40:28.1273233Z,21.38,1016,21.49,4623
2025-07-24T03:40:28.1273233Z,21.37,875,21.49,1594
2025-07-24T03:40:28.1273233Z,21.36,753,21.50,602
2025-07-24T03:40:28.1273233Z,21.35,648,21.50,1372
                                   
2025-07-24T03:40:29.1273233Z,21.37,2500,21.39,34922
2025-07-24T03:40:29.1273233Z,21.37,990,21.39,2500
2025-07-24T03:40:29.1273233Z,21.36,10000,21.40,29103
2025-07-24T03:40:29.1273233Z,21.36,2152,21.40,2152
2025-07-24T03:40:29.1273233Z,21.36,2099,21.41,9986
2025-07-24T03:40:29.1273233Z,21.35,6065,21.41,1852
2025-07-24T03:40:29.1273233Z,21.35,1852,21.42,5819
2025-07-24T03:40:29.1273233Z,21.35,1964,21.42,1594
2025-07-24T03:40:29.1273233Z,21.34,3679,21.43,9185
2025-07-24T03:40:29.1273233Z,21.34,1594,21.43,1372
                                   
2025-07-24T03:40:30.1273233Z,21.33,2033,21.34,19170
2025-07-24T03:40:30.1273233Z,21.33,10000,21.35,2500
2025-07-24T03:40:30.1273233Z,21.33,2500,21.35,4105
2025-07-24T03:40:30.1273233Z,21.32,6065,21.36,2152
2025-07-24T03:40:30.1273233Z,21.32,2152,21.36,1979
2025-07-24T03:40:30.1273233Z,21.31,3744,21.37,1852
2025-07-24T03:40:30.1273233Z,21.31,3679,21.37,13730
2025-07-24T03:40:30.1273233Z,21.31,1852,21.38,1594
2025-07-24T03:40:30.1273233Z,21.30,1324,21.38,8756
2025-07-24T03:40:30.1273233Z,21.30,2231,21.39,1372
                                   
2025-07-24T03:40:31.1273233Z,21.32,5031,21.33,440
2025-07-24T03:40:31.1273233Z,21.32,2500,21.34,2500
2025-07-24T03:40:31.1273233Z,21.31,33408,21.34,15902
2025-07-24T03:40:31.1273233Z,21.31,2152,21.35,2152
2025-07-24T03:40:31.1273233Z,21.30,9257,21.35,15157
2025-07-24T03:40:31.1273233Z,21.30,1852,21.36,1852
2025-07-24T03:40:31.1273233Z,21.29,3679,21.36,7018
2025-07-24T03:40:31.1273233Z,21.29,1594,21.37,1594
2025-07-24T03:40:31.1273233Z,21.28,2231,21.37,2512
2025-07-24T03:40:31.1273233Z,21.28,1372,21.38,1372
                                   
2025-07-24T03:40:32.1273233Z,21.34,3149,21.36,921
2025-07-24T03:40:32.1273233Z,21.34,2500,21.36,8088
2025-07-24T03:40:32.1273233Z,21.33,13213,21.37,2152
2025-07-24T03:40:32.1273233Z,21.33,2152,21.37,2512
2025-07-24T03:40:32.1273233Z,21.32,36982,21.38,1852
2025-07-24T03:40:32.1273233Z,21.32,1852,21.39,1594
2025-07-24T03:40:32.1273233Z,21.31,40046,21.39,18761
2025-07-24T03:40:32.1273233Z,21.31,1594,21.40,1372
2025-07-24T03:40:32.1273233Z,21.30,5089,21.40,160
2025-07-24T03:40:32.1273233Z,21.30,1372,21.41,1181
                                   
2025-07-24T03:40:33.1273233Z,21.37,7872,21.38,18173
2025-07-24T03:40:33.1273233Z,21.37,2500,21.39,2500
2025-07-24T03:40:33.1273233Z,21.36,30596,21.39,8778
2025-07-24T03:40:33.1273233Z,21.36,2152,21.40,2152
2025-07-24T03:40:33.1273233Z,21.35,17219,21.40,160
2025-07-24T03:40:33.1273233Z,21.35,1852,21.41,1852
2025-07-24T03:40:33.1273233Z,21.34,9879,21.41,1552
2025-07-24T03:40:33.1273233Z,21.34,1594,21.42,1594
2025-07-24T03:40:33.1273233Z,21.33,4679,21.42,1447
2025-07-24T03:40:33.1273233Z,21.33,1372,21.43,1372
                                   
2025-07-24T03:40:34.1273233Z,21.37,11463,21.38,738
2025-07-24T03:40:34.1273233Z,21.37,2500,21.39,2500
2025-07-24T03:40:34.1273233Z,21.36,44785,21.39,5005
2025-07-24T03:40:34.1273233Z,21.36,2152,21.40,2152
2025-07-24T03:40:34.1273233Z,21.35,16949,21.40,13426
2025-07-24T03:40:34.1273233Z,21.35,1852,21.41,1852
2025-07-24T03:40:34.1273233Z,21.34,4510,21.41,5393
2025-07-24T03:40:34.1273233Z,21.34,1594,21.42,1594
2025-07-24T03:40:34.1273233Z,21.33,4679,21.42,10244
2025-07-24T03:40:34.1273233Z,21.33,1372,21.43,1372
                                   
2025-07-24T03:40:35.1273233Z,21.39,9409,21.41,10552
2025-07-24T03:40:35.1273233Z,21.38,26545,21.42,16519
2025-07-24T03:40:35.1273233Z,21.37,35153,21.43,7243
2025-07-24T03:40:35.1273233Z,21.36,26470,21.44,1850
2025-07-24T03:40:35.1273233Z,21.35,8768,21.45,1372
2025-07-24T03:40:35.1273233Z,21.34,5803,21.46,1181
2025-07-24T03:40:35.1273233Z,21.33,1016,21.47,1016
2025-07-24T03:40:35.1273233Z,21.32,1414,21.48,875
2025-07-24T03:40:35.1273233Z,21.31,3128,21.49,753
2025-07-24T03:40:35.1273233Z,21.30,2516,21.50,648
                                   
2025-07-24T03:40:36.1273233Z,21.48,2500,21.50,2500
2025-07-24T03:40:36.1273233Z,21.48,1750,21.51,2152
2025-07-24T03:40:36.1273233Z,21.47,10000,21.52,304
2025-07-24T03:40:36.1273233Z,21.47,2152,21.52,1852
2025-07-24T03:40:36.1273233Z,21.47,6432,21.53,1594
2025-07-24T03:40:36.1273233Z,21.46,6065,21.54,1372
2025-07-24T03:40:36.1273233Z,21.46,1852,21.55,1181
2025-07-24T03:40:36.1273233Z,21.46,15476,21.56,1016
2025-07-24T03:40:36.1273233Z,21.45,3679,21.57,169
2025-07-24T03:40:36.1273233Z,21.45,1594,21.57,875
                                   
2025-07-24T03:40:37.1273233Z,21.52,1920,21.54,2500
2025-07-24T03:40:37.1273233Z,21.51,18133,21.54,2602
2025-07-24T03:40:37.1273233Z,21.51,12152,21.55,2152
2025-07-24T03:40:37.1273233Z,21.50,5393,21.56,1852
2025-07-24T03:40:37.1273233Z,21.50,7917,21.57,1594
2025-07-24T03:40:37.1273233Z,21.49,16452,21.57,169
2025-07-24T03:40:37.1273233Z,21.49,5273,21.58,1372
2025-07-24T03:40:37.1273233Z,21.48,3724,21.59,1181
2025-07-24T03:40:37.1273233Z,21.48,3603,21.60,1016
2025-07-24T03:40:37.1273233Z,21.47,1602,21.61,875
                                   
2025-07-24T03:40:38.1273233Z,21.65,2500,21.67,1406
2025-07-24T03:40:38.1273233Z,21.64,12152,21.68,2897
2025-07-24T03:40:38.1273233Z,21.64,474,21.68,2152
2025-07-24T03:40:38.1273233Z,21.63,7917,21.69,1852
2025-07-24T03:40:38.1273233Z,21.62,5273,21.70,1594
2025-07-24T03:40:38.1273233Z,21.62,38227,21.71,1372
2025-07-24T03:40:38.1273233Z,21.61,3603,21.72,1181
2025-07-24T03:40:38.1273233Z,21.61,4124,21.73,1016
2025-07-24T03:40:38.1273233Z,21.60,2534,21.74,875
2025-07-24T03:40:38.1273233Z,21.60,56947,21.75,753
                                   
2025-07-24T03:40:39.1273233Z,21.82,2500,21.84,233
2025-07-24T03:40:39.1273233Z,21.82,2096,21.84,2500
2025-07-24T03:40:39.1273233Z,21.82,10000,21.85,2152
2025-07-24T03:40:39.1273233Z,21.81,2152,21.86,1852
2025-07-24T03:40:39.1273233Z,21.81,6065,21.87,1594
2025-07-24T03:40:39.1273233Z,21.80,1852,21.88,1372
2025-07-24T03:40:39.1273233Z,21.80,3679,21.89,1181
2025-07-24T03:40:39.1273233Z,21.79,1594,21.90,1016
2025-07-24T03:40:39.1273233Z,21.79,2996,21.91,875
2025-07-24T03:40:39.1273233Z,21.79,2231,21.92,753
                                   
2025-07-24T03:40:40.1273233Z,21.87,1942,21.88,334
2025-07-24T03:40:40.1273233Z,21.87,2500,21.89,2500
2025-07-24T03:40:40.1273233Z,21.86,13060,21.89,944
2025-07-24T03:40:40.1273233Z,21.86,2152,21.90,2152
2025-07-24T03:40:40.1273233Z,21.85,13708,21.91,1852
2025-07-24T03:40:40.1273233Z,21.85,1852,21.92,1594
2025-07-24T03:40:40.1273233Z,21.84,4557,21.93,1372
2025-07-24T03:40:40.1273233Z,21.84,1594,21.94,1181
2025-07-24T03:40:40.1273233Z,21.83,7644,21.95,1016
2025-07-24T03:40:40.1273233Z,21.83,1372,21.96,875
                                   
2025-07-24T03:40:41.1273233Z,21.90,431,21.91,8822
2025-07-24T03:40:41.1273233Z,21.90,2500,21.92,2500
2025-07-24T03:40:41.1273233Z,21.89,22853,21.92,7269
2025-07-24T03:40:41.1273233Z,21.89,2152,21.93,2152
2025-07-24T03:40:41.1273233Z,21.88,20179,21.93,4493
2025-07-24T03:40:41.1273233Z,21.88,1852,21.94,1852
2025-07-24T03:40:41.1273233Z,21.87,13913,21.95,1594
2025-07-24T03:40:41.1273233Z,21.87,1594,21.96,1372
2025-07-24T03:40:41.1273233Z,21.86,5291,21.97,1181
2025-07-24T03:40:41.1273233Z,21.86,1372,21.98,1016
                                   
2025-07-24T03:40:42.1273233Z,21.95,2500,21.97,2500
2025-07-24T03:40:42.1273233Z,21.94,11541,21.97,1487
2025-07-24T03:40:42.1273233Z,21.94,2152,21.98,2152
2025-07-24T03:40:42.1273233Z,21.93,13752,21.99,1852
2025-07-24T03:40:42.1273233Z,21.93,1852,22.00,1594
2025-07-24T03:40:42.1273233Z,21.92,9842,22.01,1372
2025-07-24T03:40:42.1273233Z,21.92,1594,22.02,1181
2025-07-24T03:40:42.1273233Z,21.91,2231,22.03,1016
2025-07-24T03:40:42.1273233Z,21.91,1372,22.04,875
2025-07-24T03:40:42.1273233Z,21.90,8802,22.05,753
                                   
2025-07-24T03:40:43.1273233Z,22.10,5227,22.12,2500
2025-07-24T03:40:43.1273233Z,22.10,10000,22.13,2152
2025-07-24T03:40:43.1273233Z,22.10,2500,22.14,1852
2025-07-24T03:40:43.1273233Z,22.09,25229,22.15,1594
2025-07-24T03:40:43.1273233Z,22.09,6065,22.16,1372
2025-07-24T03:40:43.1273233Z,22.09,2152,22.17,1181
2025-07-24T03:40:43.1273233Z,22.08,2221,22.18,1016
2025-07-24T03:40:43.1273233Z,22.08,3679,22.19,875
2025-07-24T03:40:43.1273233Z,22.08,1852,22.20,753
2025-07-24T03:40:43.1273233Z,22.07,1516,22.21,648
                                   
2025-07-24T03:40:44.1273233Z,22.22,1275,22.23,2041
2025-07-24T03:40:44.1273233Z,22.22,10000,22.24,2500
2025-07-24T03:40:44.1273233Z,22.22,2500,22.25,2152
2025-07-24T03:40:44.1273233Z,22.21,1977,22.26,1852
2025-07-24T03:40:44.1273233Z,22.21,6065,22.27,1594
2025-07-24T03:40:44.1273233Z,22.21,2152,22.28,1372
2025-07-24T03:40:44.1273233Z,22.20,1920,22.29,1181
2025-07-24T03:40:44.1273233Z,22.20,3679,22.30,1016
2025-07-24T03:40:44.1273233Z,22.20,1852,22.31,875
2025-07-24T03:40:44.1273233Z,22.19,11356,22.32,753
                                   
2025-07-24T03:40:45.1273233Z,22.27,2500,22.29,555
2025-07-24T03:40:45.1273233Z,22.27,27402,22.30,6381
2025-07-24T03:40:45.1273233Z,22.26,2152,22.30,2152
2025-07-24T03:40:45.1273233Z,22.26,2476,22.31,17720
2025-07-24T03:40:45.1273233Z,22.25,1852,22.31,1852
2025-07-24T03:40:45.1273233Z,22.25,8549,22.32,1594
2025-07-24T03:40:45.1273233Z,22.24,1594,22.33,1372
2025-07-24T03:40:45.1273233Z,22.24,665,22.35,1016
2025-07-24T03:40:45.1273233Z,22.23,1372,22.36,875
2025-07-24T03:40:45.1273233Z,22.22,1181,22.37,753
                                   
2025-07-24T03:40:46.1273233Z,22.28,1969,22.29,2913
2025-07-24T03:40:46.1273233Z,22.28,2500,22.30,2500
2025-07-24T03:40:46.1273233Z,22.27,10000,22.30,3308
2025-07-24T03:40:46.1273233Z,22.27,18704,22.31,2152
2025-07-24T03:40:46.1273233Z,22.27,2152,22.31,3770
2025-07-24T03:40:46.1273233Z,22.26,6065,22.32,1852
2025-07-24T03:40:46.1273233Z,22.26,3140,22.32,2173
2025-07-24T03:40:46.1273233Z,22.26,1852,22.33,1594
2025-07-24T03:40:46.1273233Z,22.25,3679,22.34,1372
2025-07-24T03:40:46.1273233Z,22.25,5433,22.35,1181
                                   
2025-07-24T03:40:47.1273233Z,22.29,2500,22.31,15567
2025-07-24T03:40:47.1273233Z,22.29,25957,22.31,2500
2025-07-24T03:40:47.1273233Z,22.28,2152,22.32,3191
2025-07-24T03:40:47.1273233Z,22.28,66985,22.32,2152
2025-07-24T03:40:47.1273233Z,22.27,1852,22.33,1852
2025-07-24T03:40:47.1273233Z,22.27,24221,22.34,1594
2025-07-24T03:40:47.1273233Z,22.26,1594,22.35,1372
2025-07-24T03:40:47.1273233Z,22.26,4473,22.36,1181
2025-07-24T03:40:47.1273233Z,22.25,1372,22.37,1016
2025-07-24T03:40:47.1273233Z,22.25,8860,22.38,875
                                   
2025-07-24T03:40:48.1273233Z,22.31,15824,22.33,6349
2025-07-24T03:40:48.1273233Z,22.30,20662,22.34,2152
2025-07-24T03:40:48.1273233Z,22.29,21665,22.35,2960
2025-07-24T03:40:48.1273233Z,22.28,66599,22.36,1594
2025-07-24T03:40:48.1273233Z,22.27,14213,22.37,1372
2025-07-24T03:40:48.1273233Z,22.26,8224,22.38,1181
2025-07-24T03:40:48.1273233Z,22.25,4828,22.39,1016
2025-07-24T03:40:48.1273233Z,22.24,875,22.40,875
2025-07-24T03:40:48.1273233Z,22.23,753,22.41,753
2025-07-24T03:40:48.1273233Z,22.22,648,22.42,648
                                   
2025-07-24T03:40:49.1273233Z,22.32,5453,22.33,9378
2025-07-24T03:40:49.1273233Z,22.32,2500,22.34,2500
2025-07-24T03:40:49.1273233Z,22.31,5571,22.34,4277
2025-07-24T03:40:49.1273233Z,22.31,2152,22.35,2152
2025-07-24T03:40:49.1273233Z,22.30,20887,22.35,3356
2025-07-24T03:40:49.1273233Z,22.30,1852,22.36,1852
2025-07-24T03:40:49.1273233Z,22.29,12669,22.36,938
2025-07-24T03:40:49.1273233Z,22.29,1594,22.37,1594
2025-07-24T03:40:49.1273233Z,22.28,69373,22.37,435
2025-07-24T03:40:49.1273233Z,22.28,1372,22.38,1372
                                   
2025-07-24T03:40:50.1273233Z,22.38,6335,22.39,839
2025-07-24T03:40:50.1273233Z,22.38,2500,22.40,2500
2025-07-24T03:40:50.1273233Z,22.37,1120,22.41,2152
2025-07-24T03:40:50.1273233Z,22.37,2152,22.41,2203
2025-07-24T03:40:50.1273233Z,22.36,4115,22.42,1852
2025-07-24T03:40:50.1273233Z,22.36,1852,22.43,1594
2025-07-24T03:40:50.1273233Z,22.35,7525,22.44,1372
2025-07-24T03:40:50.1273233Z,22.35,1594,22.45,1181
2025-07-24T03:40:50.1273233Z,22.34,2353,22.46,1016
2025-07-24T03:40:50.1273233Z,22.34,1372,22.47,875
                                   
2025-07-24T03:40:51.1273233Z,22.36,5045,22.38,4776
2025-07-24T03:40:51.1273233Z,22.35,11238,22.39,2672
2025-07-24T03:40:51.1273233Z,22.34,4417,22.40,10695
2025-07-24T03:40:51.1273233Z,22.33,5256,22.41,7126
2025-07-24T03:40:51.1273233Z,22.32,3181,22.42,3056
2025-07-24T03:40:51.1273233Z,22.31,5441,22.43,1181
2025-07-24T03:40:51.1273233Z,22.30,10979,22.44,1016
2025-07-24T03:40:51.1273233Z,22.29,10010,22.45,875
2025-07-24T03:40:51.1273233Z,22.28,1098,22.46,753
2025-07-24T03:40:51.1273233Z,22.27,648,22.47,648
                                   
2025-07-24T03:40:52.1273233Z,22.37,2500,22.39,942
2025-07-24T03:40:52.1273233Z,22.36,15401,22.39,10963
2025-07-24T03:40:52.1273233Z,22.36,2152,22.40,2152
2025-07-24T03:40:52.1273233Z,22.35,10501,22.40,9039
2025-07-24T03:40:52.1273233Z,22.35,1852,22.41,1852
2025-07-24T03:40:52.1273233Z,22.34,2940,22.42,1594
2025-07-24T03:40:52.1273233Z,22.34,1594,22.42,1082
2025-07-24T03:40:52.1273233Z,22.33,3662,22.43,1372
2025-07-24T03:40:52.1273233Z,22.33,1372,22.44,1181
2025-07-24T03:40:52.1273233Z,22.32,609,22.45,1016
                                   
2025-07-24T03:40:53.1273233Z,22.41,632,22.43,2500
2025-07-24T03:40:53.1273233Z,22.41,2500,22.44,2152
2025-07-24T03:40:53.1273233Z,22.40,5115,22.44,532
2025-07-24T03:40:53.1273233Z,22.40,2152,22.45,1852
2025-07-24T03:40:53.1273233Z,22.39,1852,22.46,1594
2025-07-24T03:40:53.1273233Z,22.38,1825,22.47,1372
2025-07-24T03:40:53.1273233Z,22.38,1594,22.48,1181
2025-07-24T03:40:53.1273233Z,22.37,3739,22.49,1016
2025-07-24T03:40:53.1273233Z,22.37,1372,22.50,875
2025-07-24T03:40:53.1273233Z,22.36,15780,22.51,753
                                   
2025-07-24T03:40:54.1273233Z,22.51,1133,22.53,2500
2025-07-24T03:40:54.1273233Z,22.51,2500,22.54,2152
2025-07-24T03:40:54.1273233Z,22.50,2919,22.54,325
2025-07-24T03:40:54.1273233Z,22.50,2152,22.55,1852
2025-07-24T03:40:54.1273233Z,22.49,2522,22.56,1594
2025-07-24T03:40:54.1273233Z,22.49,1852,22.57,1372
2025-07-24T03:40:54.1273233Z,22.48,1594,22.58,1181
2025-07-24T03:40:54.1273233Z,22.47,1372,22.59,1016
2025-07-24T03:40:54.1273233Z,22.46,1181,22.60,875
2025-07-24T03:40:54.1273233Z,22.45,1016,22.61,753
                                   
2025-07-24T03:40:55.1273233Z,22.52,4740,22.54,18052
2025-07-24T03:40:55.1273233Z,22.51,2152,22.55,2152
2025-07-24T03:40:55.1273233Z,22.50,9313,22.56,3556
2025-07-24T03:40:55.1273233Z,22.49,3805,22.57,1594
2025-07-24T03:40:55.1273233Z,22.48,1372,22.58,1372
2025-07-24T03:40:55.1273233Z,22.47,1181,22.59,1181
2025-07-24T03:40:55.1273233Z,22.46,1016,22.60,1016
2025-07-24T03:40:55.1273233Z,22.45,875,22.61,875
2025-07-24T03:40:55.1273233Z,22.44,6907,22.62,753
2025-07-24T03:40:55.1273233Z,22.43,16862,22.63,648
                                   
2025-07-24T03:40:56.1273233Z,22.51,2500,22.53,7220
2025-07-24T03:40:56.1273233Z,22.50,30231,22.54,2152
2025-07-24T03:40:56.1273233Z,22.50,2152,22.54,16413
2025-07-24T03:40:56.1273233Z,22.49,9642,22.55,1852
2025-07-24T03:40:56.1273233Z,22.49,1852,22.55,1812
2025-07-24T03:40:56.1273233Z,22.48,537,22.56,1594
2025-07-24T03:40:56.1273233Z,22.48,1594,22.57,1372
2025-07-24T03:40:56.1273233Z,22.47,1372,22.58,1181
2025-07-24T03:40:56.1273233Z,22.46,1181,22.59,1016
2025-07-24T03:40:56.1273233Z,22.45,1016,22.60,875
                                   
2025-07-24T03:40:57.1273233Z,22.44,179,22.45,2151
2025-07-24T03:40:57.1273233Z,22.44,2500,22.46,2500
2025-07-24T03:40:57.1273233Z,22.43,13659,22.46,10460
2025-07-24T03:40:57.1273233Z,22.43,2152,22.47,2152
2025-07-24T03:40:57.1273233Z,22.42,1852,22.47,12499
2025-07-24T03:40:57.1273233Z,22.41,1594,22.48,1852
2025-07-24T03:40:57.1273233Z,22.40,3278,22.48,9254
2025-07-24T03:40:57.1273233Z,22.40,1372,22.49,1594
2025-07-24T03:40:57.1273233Z,22.39,1181,22.50,1372
2025-07-24T03:40:57.1273233Z,22.38,1016,22.50,2620
                                   
2025-07-24T03:40:58.1273233Z,22.45,5419,22.46,3175
2025-07-24T03:40:58.1273233Z,22.45,2500,22.47,2500
2025-07-24T03:40:58.1273233Z,22.44,886,22.47,549
2025-07-24T03:40:58.1273233Z,22.44,2152,22.48,2152
2025-07-24T03:40:58.1273233Z,22.43,1399,22.48,3272
2025-07-24T03:40:58.1273233Z,22.43,1852,22.49,1852
2025-07-24T03:40:58.1273233Z,22.42,8069,22.49,1694
2025-07-24T03:40:58.1273233Z,22.42,1594,22.50,1594
2025-07-24T03:40:58.1273233Z,22.41,12469,22.50,2620
2025-07-24T03:40:58.1273233Z,22.41,1372,22.51,1372
                                   
2025-07-24T03:40:59.1273233Z,22.44,2377,22.46,8993
2025-07-24T03:40:59.1273233Z,22.44,9591,22.46,2500
2025-07-24T03:40:59.1273233Z,22.43,2152,22.47,231
2025-07-24T03:40:59.1273233Z,22.43,4173,22.47,2152
2025-07-24T03:40:59.1273233Z,22.42,1852,22.48,14874
2025-07-24T03:40:59.1273233Z,22.42,4660,22.48,1852
2025-07-24T03:40:59.1273233Z,22.41,1594,22.49,4025
2025-07-24T03:40:59.1273233Z,22.41,4593,22.49,1594
2025-07-24T03:40:59.1273233Z,22.40,1372,22.50,4628
2025-07-24T03:40:59.1273233Z,22.40,2164,22.50,1372
                                   
2025-07-24T03:41:00.1273233Z,22.36,2700,22.37,7998
2025-07-24T03:41:00.1273233Z,22.36,2500,22.38,2500
2025-07-24T03:41:00.1273233Z,22.35,2248,22.38,24096
2025-07-24T03:41:00.1273233Z,22.35,2152,22.39,2152
2025-07-24T03:41:00.1273233Z,22.34,587,22.39,13090
2025-07-24T03:41:00.1273233Z,22.34,1852,22.40,1852
2025-07-24T03:41:00.1273233Z,22.33,1594,22.40,17064
2025-07-24T03:41:00.1273233Z,22.32,1372,22.41,1594
2025-07-24T03:41:00.1273233Z,22.31,1181,22.41,11593
2025-07-24T03:41:00.1273233Z,22.30,530,22.42,1372
                                   
2025-07-24T03:41:01.1273233Z,22.33,18649,22.35,1028
2025-07-24T03:41:01.1273233Z,22.33,2500,22.35,9387
2025-07-24T03:41:01.1273233Z,22.32,11600,22.36,2152
2025-07-24T03:41:01.1273233Z,22.32,2152,22.36,13694
2025-07-24T03:41:01.1273233Z,22.31,1852,22.37,1852
2025-07-24T03:41:01.1273233Z,22.30,530,22.37,3974
2025-07-24T03:41:01.1273233Z,22.30,1594,22.38,1594
2025-07-24T03:41:01.1273233Z,22.29,1372,22.38,34221
2025-07-24T03:41:01.1273233Z,22.28,1181,22.39,1372
2025-07-24T03:41:01.1273233Z,22.27,1016,22.39,11901
                                   
2025-07-24T03:41:02.1273233Z,22.33,4848,22.35,8263
2025-07-24T03:41:02.1273233Z,22.32,11963,22.36,34936
2025-07-24T03:41:02.1273233Z,22.31,4676,22.37,13916
2025-07-24T03:41:02.1273233Z,22.30,2124,22.38,10745
2025-07-24T03:41:02.1273233Z,22.29,1372,22.39,13273
2025-07-24T03:41:02.1273233Z,22.28,1181,22.40,11622
2025-07-24T03:41:02.1273233Z,22.27,1016,22.41,6075
2025-07-24T03:41:02.1273233Z,22.26,875,22.42,1026
2025-07-24T03:41:02.1273233Z,22.25,753,22.43,753
2025-07-24T03:41:02.1273233Z,22.24,648,22.44,648
                                   
2025-07-24T03:41:03.1273233Z,22.33,1270,22.35,3186
2025-07-24T03:41:03.1273233Z,22.33,2852,22.35,2500
2025-07-24T03:41:03.1273233Z,22.32,2152,22.36,19424
2025-07-24T03:41:03.1273233Z,22.32,23616,22.36,2152
2025-07-24T03:41:03.1273233Z,22.31,1852,22.37,7150
2025-07-24T03:41:03.1273233Z,22.31,5549,22.37,1852
2025-07-24T03:41:03.1273233Z,22.30,1594,22.38,6439
2025-07-24T03:41:03.1273233Z,22.30,12883,22.38,1594
2025-07-24T03:41:03.1273233Z,22.29,1372,22.39,3772
2025-07-24T03:41:03.1273233Z,22.29,1517,22.39,1372
                                   
2025-07-24T03:41:04.1273233Z,22.35,2120,22.36,6375
2025-07-24T03:41:04.1273233Z,22.35,2500,22.37,2500
2025-07-24T03:41:04.1273233Z,22.34,11538,22.37,9484
2025-07-24T03:41:04.1273233Z,22.34,2152,22.38,2152
2025-07-24T03:41:04.1273233Z,22.33,2929,22.38,14737
2025-07-24T03:41:04.1273233Z,22.33,1852,22.39,1852
2025-07-24T03:41:04.1273233Z,22.32,9690,22.39,10593
2025-07-24T03:41:04.1273233Z,22.32,1594,22.40,1594
2025-07-24T03:41:04.1273233Z,22.31,2725,22.40,507
2025-07-24T03:41:04.1273233Z,22.31,1372,22.41,1372
                                   
2025-07-24T03:41:05.1273233Z,22.34,7051,22.36,2500
2025-07-24T03:41:05.1273233Z,22.34,2500,22.36,7178
2025-07-24T03:41:05.1273233Z,22.33,4155,22.37,2152
2025-07-24T03:41:05.1273233Z,22.33,2152,22.37,3133
2025-07-24T03:41:05.1273233Z,22.32,9690,22.38,1852
2025-07-24T03:41:05.1273233Z,22.32,1852,22.38,11830
2025-07-24T03:41:05.1273233Z,22.31,1594,22.39,1594
2025-07-24T03:41:05.1273233Z,22.30,8435,22.39,6880
2025-07-24T03:41:05.1273233Z,22.30,1372,22.40,1372
2025-07-24T03:41:05.1273233Z,22.29,1181,22.40,507
                                   
2025-07-24T03:41:06.1273233Z,22.33,2500,22.35,2377
2025-07-24T03:41:06.1273233Z,22.33,553,22.35,2500
2025-07-24T03:41:06.1273233Z,22.32,2152,22.36,13519
2025-07-24T03:41:06.1273233Z,22.32,11701,22.36,2152
2025-07-24T03:41:06.1273233Z,22.31,1852,22.37,3488
2025-07-24T03:41:06.1273233Z,22.31,1624,22.37,1852
2025-07-24T03:41:06.1273233Z,22.30,1594,22.38,11403
2025-07-24T03:41:06.1273233Z,22.30,1981,22.38,1594
2025-07-24T03:41:06.1273233Z,22.29,1372,22.39,6224
2025-07-24T03:41:06.1273233Z,22.28,1181,22.39,1372
                                   
2025-07-24T03:41:07.1273233Z,22.36,8623,22.38,2500
2025-07-24T03:41:07.1273233Z,22.36,2500,22.38,2109
2025-07-24T03:41:07.1273233Z,22.35,281,22.39,2152
2025-07-24T03:41:07.1273233Z,22.35,2152,22.39,1369
2025-07-24T03:41:07.1273233Z,22.34,4102,22.40,1852
2025-07-24T03:41:07.1273233Z,22.34,1852,22.41,1594
2025-07-24T03:41:07.1273233Z,22.33,16083,22.42,1372
2025-07-24T03:41:07.1273233Z,22.33,1594,22.43,1181
2025-07-24T03:41:07.1273233Z,22.32,8052,22.44,1016
2025-07-24T03:41:07.1273233Z,22.32,1372,22.45,875
                                   
